Workbook

Sheet 使い方
B2: 工事工程表アプリ(Excel版) の使い方
B4: ■ 仕組み | C4: 作業の入力は「工程マスタ」シート1か所だけ。全体工程表(月単位)・月間工程表(日単位)・日割り工程表(日単位詳細)は、すべて工程マスタから数式で自動生成されます。
B6: ① 設定 | C6: 工事名・工期・全体工程表の表示開始月・祝日リスト・工種リストを入力します。
B7: ② 工程マスタ | C7: 作業ごとに 工種/作業名/担当業者/開始日/終了日/進捗率 を入力します(最大150行)。マイルストーン(着工・上棟・検査・竣工など)は開始日=終了日にして「MS」列に○を入れると、工程表上に赤い▼で表示されます。
B8: ③ 全体工程表 | C8: 自動生成。表示開始月は「設定」シートで変更できます(24か月表示)。最下部に予定出来高曲線(自動計算)と実績出来高の入力行(黄色)があり、グラフに赤=予定/青=実績の2本のS字カーブを表示します。実績は毎月末に累計%を入力してください。
B9: ④ 月間工程表 | C9: 黄色セルで対象の年・月を選ぶと、その月に掛かる作業だけを自動抽出して日単位のガントを表示します。
B10: ⑤ 日割り工程表 | C10: 黄色セルに基準日を入力すると、その日から14日間の日別工程と日ごとの稼働作業数を表示します。
B11: ⑥ ネットワーク工程表 | C11: 工程マスタの「先行1〜3」列に先行作業のNo(自分より小さいNoのみ)を入力すると、CPM(クリティカルパス法)で最早開始/完了・最遅開始/完了・余裕日数を自動計算し、週単位のタイムラインに自動配置します。赤=クリティカルパス(遅らせると竣工が遅れる作業)、青=余裕のある作業、黄=フロート(遅らせられる幅)、数字=作業No。先行のない作業は工期(自)を開始日として計算します。不正な先行Noは工程マスタ上で赤く警告されます。
B13: ■ バーの見方 | C13: 水色=予定 / 濃青=進捗率に応じた実績(完了分) / 赤▼=マイルストーン / 黄色列=本日
B14: ■ 土日祝 | C14: 月間・日割り工程表では 土曜=青系、日曜・祝日=赤系 に自動で色分けされます。祝日は「設定」シートのリストを編集してください。
B16: ■ セルの色 | C16: 黄色セル=入力する場所 / 灰色セル=自動計算(触らない) / 白セルの表部分=自動生成
B17: ■ 注意 | C17: 全体工程表の表示は100行、月間・日割り工程表は各50行までです。行の挿入・削除はせず、工程マスタの空き行に追記してください。
B19: 凡例: | C19: 予定バー
C20: 実績バー

Sheet 設定
A1: 設定
A3: 工事名 | B3: (仮称)○○ビル新築工事 | D3: 祝日リスト(編集可) | H3: 工種リスト(編集可)
A4: 発注者 | B4: ○○株式会社 | D4: 日付 | E4: 名称
A5: 元請 | B5: △△建設株式会社 | D5: 46023 | E5: 元日 | H5: 仮設工事
A6: 現場代理人 | B6: 山田 太郎 | D6: 46034 | E6: 成人の日 | H6: 土工事・山留
D7: 46064 | E7: 建国記念の日 | H7: 地業基礎工事
A8: 工期(自) | B8: 46204 | D8: 46076 | E8: 天皇誕生日 | H8: 躯体工事
A9: 工期(至) | B9: 46477 | D9: 46101 | E9: 春分の日 | H9: 外装工事
D10: 46141 | E10: 昭和の日 | H10: 内装・設備工事
A11: 全体工程表 | D11: 46145 | E11: 憲法記念日 | H11: 外構工事
A12: 表示開始月 | B12: =DATE(YEAR($B$8),MONTH($B$8),1) -> 46204 | D12: 46146 | E12: みどりの日 | H12: 検査・引渡
A13: (24か月表示) | D13: 46147 | E13: こどもの日 | H13: マイルストーン
D14: 46148 | E14: 振替休日 | H14: その他
D15: 46223 | E15: 海の日
D16: 46245 | E16: 山の日
D17: 46286 | E17: 敬老の日
D18: 46287 | E18: 国民の休日
D19: 46288 | E19: 秋分の日
D20: 46307 | E20: スポーツの日
D21: 46329 | E21: 文化の日
D22: 46349 | E22: 勤労感謝の日
D23: 46388 | E23: 元日
D24: 46398 | E24: 成人の日
D25: 46429 | E25: 建国記念の日
D26: 46441 | E26: 天皇誕生日
... D38: 46714 | E38: 勤労感謝の日
D60: ※行 D5:D60 が判定対象

Sheet 工程マスタ
A1: 工程マスタ(作業の入力はこのシートだけ)
A2: 黄色列に入力 → 全体/月間/日割り/ネットワーク工程表へ自動反映。マイルストーンは開始日=終了日+MS列○。先行1〜3にはその作業より前に行う作業のNo(自分より小さいNoのみ)を入力。
A4: No | B4: 工種 | C4: 作業名 | D4: 担当業者 | E4: 開始日 | F4: 終了日 | G4: 日数 | H4: 進捗率 | I4: MS | J4: 備考 | K4: (開始) | L4: (終了) | M4: (実績境界) | N4: 先行1 | O4: 先行2 | P4: 先行3
A5: =IF($C5="","",ROW()-4) -> 1 | B5: マイルストーン | C5: 着工 | E5: 46204 | F5: 46204 | G5: =IF(OR($E5="",$F5=""),0,$F5-$E5+1) -> 1 | I5: ○ | K5: =IF($E5="",0,$E5) -> 46204 | L5: =IF($F5="",0,$F5) -> 46204 | M5: =IF(OR($G5=0,$H5=""),$K5,MIN($L5+1,$K5+$G5*$H5)) -> 46204
A6: =IF($C6="","",ROW()-4) -> 2 | B6: マイルストーン | C6: 地鎮祭・安全祈願祭 | E6: 46207 | F6: 46207 | G6: =IF(OR($E6="",$F6=""),0,$F6-$E6+1) -> 1 | I6: ○ | K6: =IF($E6="",0,$E6) -> 46207 | L6: =IF($F6="",0,$F6) -> 46207 | M6: =IF(OR($G6=0,$H6=""),$K6,MIN($L6+1,$K6+$G6*$H6)) -> 46207 | N6: 1
A7: =IF($C7="","",ROW()-4) -> 3 | B7: 仮設工事 | C7: 仮囲い・ゲート設置 | D7: ○○仮設工業 | E7: 46204 | F7: 46213 | G7: =IF(OR($E7="",$F7=""),0,$F7-$E7+1) -> 10 | H7: 1 | K7: =IF($E7="",0,$E7) -> 46204 | L7: =IF($F7="",0,$F7) -> 46213 | M7: =IF(OR($G7=0,$H7=""),$K7,MIN($L7+1,$K7+$G7*$H7)) -> 46214 | N7: 1
A8: =IF($C8="","",ROW()-4) -> 4 | B8: 仮設工事 | C8: 現場事務所・休憩所設置 | D8: ○○仮設工業 | E8: 46209 | F8: 46218 | G8: =IF(OR($E8="",$F8=""),0,$F8-$E8+1) -> 10 | H8: 1 | K8: =IF($E8="",0,$E8) -> 46209 | L8: =IF($F8="",0,$F8) -> 46218 | M8: =IF(OR($G8=0,$H8=""),$K8,MIN($L8+1,$K8+$G8*$H8)) -> 46219 | N8: 3
A9: =IF($C9="","",ROW()-4) -> 5 | B9: 仮設工事 | C9: 仮設電気・給排水引込み | D9: △△電設 | E9: 46216 | F9: 46225 | G9: =IF(OR($E9="",$F9=""),0,$F9-$E9+1) -> 10 | H9: 0.6 | K9: =IF($E9="",0,$E9) -> 46216 | L9: =IF($F9="",0,$F9) -> 46225 | M9: =IF(OR($G9=0,$H9=""),$K9,MIN($L9+1,$K9+$G9*$H9)) -> 46222 | N9: 4
A10: =IF($C10="","",ROW()-4) -> 6 | B10: 地業基礎工事 | C10: 杭工事 | D10: □□基礎工業 | E10: 46216 | F10: 46234 | G10: =IF(OR($E10="",$F10=""),0,$F10-$E10+1) -> 19 | H10: 0.35 | J10: 既製杭 | K10: =IF($E10="",0,$E10) -> 46216 | L10: =IF($F10="",0,$F10) -> 46234 | M10: =IF(OR($G10=0,$H10=""),$K10,MIN($L10+1,$K10+$G10*$H10)) -> 46222.65 | N10: 2 | O10: 3 | P10: 5
A11: =IF($C11="","",ROW()-4) -> 7 | B11: 土工事・山留 | C11: 山留工事 | D11: ▲▲土木 | E11: 46230 | F11: 46242 | G11: =IF(OR($E11="",$F11=""),0,$F11-$E11+1) -> 13 | H11: 0 | K11: =IF($E11="",0,$E11) -> 46230 | L11: =IF($F11="",0,$F11) -> 46242 | M11: =IF(OR($G11=0,$H11=""),$K11,MIN($L11+1,$K11+$G11*$H11)) -> 46230 | N11: 6
A12: =IF($C12="","",ROW()-4) -> 8 | B12: 土工事・山留 | C12: 根切り・掘削 | D12: ▲▲土木 | E12: 46237 | F12: 46259 | G12: =IF(OR($E12="",$F12=""),0,$F12-$E12+1) -> 23 | H12: 0 | K12: =IF($E12="",0,$E12) -> 46237 | L12: =IF($F12="",0,$F12) -> 46259 | M12: =IF(OR($G12=0,$H12=""),$K12,MIN($L12+1,$K12+$G12*$H12)) -> 46237 | N12: 7
A13: =IF($C13="","",ROW()-4) -> 9 | B13: 土工事・山留 | C13: 床付け・捨てコンクリート | D13: ▲▲土木 | E13: 46258 | F13: 46263 | G13: =IF(OR($E13="",$F13=""),0,$F13-$E13+1) -> 6 | H13: 0 | K13: =IF($E13="",0,$E13) -> 46258 | L13: =IF($F13="",0,$F13) -> 46263 | M13: =IF(OR($G13=0,$H13=""),$K13,MIN($L13+1,$K13+$G13*$H13)) -> 46258 | N13: 8
A14: =IF($C14="","",ROW()-4) -> 10 | B14: 地業基礎工事 | C14: 基礎配筋・型枠 | D14: ◇◇建設 | E14: 46265 | F14: 46277 | G14: =IF(OR($E14="",$F14=""),0,$F14-$E14+1) -> 13 | H14: 0 | J14: 配筋検査 9/9 | K14: =IF($E14="",0,$E14) -> 46265 | L14: =IF($F14="",0,$F14) -> 46277 | M14: =IF(OR($G14=0,$H14=""),$K14,MIN($L14+1,$K14+$G14*$H14)) -> 46265 | N14: 9
A15: =IF($C15="","",ROW()-4) -> 11 | B15: 地業基礎工事 | C15: 基礎コンクリート打設 | D15: ◇◇建設 | E15: 46279 | F15: 46281 | G15: =IF(OR($E15="",$F15=""),0,$F15-$E15+1) -> 3 | H15: 0 | K15: =IF($E15="",0,$E15) -> 46279 | L15: =IF($F15="",0,$F15) -> 46281 | M15: =IF(OR($G15=0,$H15=""),$K15,MIN($L15+1,$K15+$G15*$H15)) -> 46279 | N15: 10
A16: =IF($C16="","",ROW()-4) -> 12 | B16: 地業基礎工事 | C16: 養生・埋戻し | D16: ▲▲土木 | E16: 46282 | F16: 46291 | G16: =IF(OR($E16="",$F16=""),0,$F16-$E16+1) -> 10 | H16: 0 | K16: =IF($E16="",0,$E16) -> 46282 | L16: =IF($F16="",0,$F16) -> 46291 | M16: =IF(OR($G16=0,$H16=""),$K16,MIN($L16+1,$K16+$G16*$H16)) -> 46282 | N16: 11
A17: =IF($C17="","",ROW()-4) -> 13 | B17: 躯体工事 | C17: 鉄骨製作(工場) | D17: ☆☆鉄工所 | E17: 46237 | F17: 46290 | G17: =IF(OR($E17="",$F17=""),0,$F17-$E17+1) -> 54 | H17: 0 | J17: 製品検査 9/18 | K17: =IF($E17="",0,$E17) -> 46237 | L17: =IF($F17="",0,$F17) -> 46290 | M17: =IF(OR($G17=0,$H17=""),$K17,MIN($L17+1,$K17+$G17*$H17)) -> 46237 | N17: 2
A18: =IF($C18="","",ROW()-4) -> 14 | B18: マイルストーン | C18: 鉄骨建方開始 | E18: 46293 | F18: 46293 | G18: =IF(OR($E18="",$F18=""),0,$F18-$E18+1) -> 1 | I18: ○ | K18: =IF($E18="",0,$E18) -> 46293 | L18: =IF($F18="",0,$F18) -> 46293 | M18: =IF(OR($G18=0,$H18=""),$K18,MIN($L18+1,$K18+$G18*$H18)) -> 46293 | N18: 12 | O18: 13
A19: =IF($C19="","",ROW()-4) -> 15 | B19: 仮設工事 | C19: 外部足場組立 | D19: ○○仮設工業 | E19: 46289 | F19: 46301 | G19: =IF(OR($E19="",$F19=""),0,$F19-$E19+1) -> 13 | H19: 0 | K19: =IF($E19="",0,$E19) -> 46289 | L19: =IF($F19="",0,$F19) -> 46301 | M19: =IF(OR($G19=0,$H19=""),$K19,MIN($L19+1,$K19+$G19*$H19)) -> 46289 | N19: 12
A20: =IF($C20="","",ROW()-4) -> 16 | B20: 躯体工事 | C20: 鉄骨建方 | D20: ☆☆鉄工所 | E20: 46293 | F20: 46318 | G20: =IF(OR($E20="",$F20=""),0,$F20-$E20+1) -> 26 | H20: 0 | K20: =IF($E20="",0,$E20) -> 46293 | L20: =IF($F20="",0,$F20) -> 46318 | M20: =IF(OR($G20=0,$H20=""),$K20,MIN($L20+1,$K20+$G20*$H20)) -> 46293 | N20: 14 | O20: 15
A21: =IF($C21="","",ROW()-4) -> 17 | B21: マイルストーン | C21: 上棟 | E21: 46318 | F21: 46318 | G21: =IF(OR($E21="",$F21=""),0,$F21-$E21+1) -> 1 | I21: ○ | K21: =IF($E21="",0,$E21) -> 46318 | L21: =IF($F21="",0,$F21) -> 46318 | M21: =IF(OR($G21=0,$H21=""),$K21,MIN($L21+1,$K21+$G21*$H21)) -> 46318 | N21: 16
A22: =IF($C22="","",ROW()-4) -> 18 | B22: 躯体工事 | C22: 本締め・建入れ検査 | D22: ☆☆鉄工所 | E22: 46321 | F22: 46332 | G22: =IF(OR($E22="",$F22=""),0,$F22-$E22+1) -> 12 | H22: 0 | K22: =IF($E22="",0,$E22) -> 46321 | L22: =IF($F22="",0,$F22) -> 46332 | M22: =IF(OR($G22=0,$H22=""),$K22,MIN($L22+1,$K22+$G22*$H22)) -> 46321 | N22: 17
A23: =IF($C23="","",ROW()-4) -> 19 | B23: 躯体工事 | C23: デッキ・スタッド溶接 | D23: ☆☆鉄工所 | E23: 46314 | F23: 46339 | G23: =IF(OR($E23="",$F23=""),0,$F23-$E23+1) -> 26 | H23: 0 | K23: =IF($E23="",0,$E23) -> 46314 | L23: =IF($F23="",0,$F23) -> 46339 | M23: =IF(OR($G23=0,$H23=""),$K23,MIN($L23+1,$K23+$G23*$H23)) -> 46314 | N23: 17
A24: =IF($C24="","",ROW()-4) -> 20 | B24: 躯体工事 | C24: 床コンクリート打設 | D24: ◇◇建設 | E24: 46335 | F24: 46353 | G24: =IF(OR($E24="",$F24=""),0,$F24-$E24+1) -> 19 | H24: 0 | K24: =IF($E24="",0,$E24) -> 46335 | L24: =IF($F24="",0,$F24) -> 46353 | M24: =IF(OR($G24=0,$H24=""),$K24,MIN($L24+1,$K24+$G24*$H24)) -> 46335 | N24: 18 | O24: 19
A25: =IF($C25="","",ROW()-4) -> 21 | B25: 外装工事 | C25: 屋根・屋上防水 | D25: ●●防水 | E25: 46350 | F25: 46374 | G25: =IF(OR($E25="",$F25=""),0,$F25-$E25+1) -> 25 | H25: 0 | K25: =IF($E25="",0,$E25) -> 46350 | L25: =IF($F25="",0,$F25) -> 46374 | M25: =IF(OR($G25=0,$H25=""),$K25,MIN($L25+1,$K25+$G25*$H25)) -> 46350 | N25: 20
A26: =IF($C26="","",ROW()-4) -> 22 | B26: 外装工事 | C26: 外壁下地・胴縁 | D26: ■■外装 | E26: 46342 | F26: 46360 | G26: =IF(OR($E26="",$F26=""),0,$F26-$E26+1) -> 19 | H26: 0 | K26: =IF($E26="",0,$E26) -> 46342 | L26: =IF($F26="",0,$F26) -> 46360 | M26: =IF(OR($G26=0,$H26=""),$K26,MIN($L26+1,$K26+$G26*$H26)) -> 46342 | N26: 20
A27: =IF($C27="","",ROW()-4) -> 23 | B27: 外装工事 | C27: 外壁パネル(ALC)取付 | D27: ■■外装 | E27: 46356 | F27: 46381 | G27: =IF(OR($E27="",$F27=""),0,$F27-$E27+1) -> 26 | H27: 0 | K27: =IF($E27="",0,$E27) -> 46356 | L27: =IF($F27="",0,$F27) -> 46381 | M27: =IF(OR($G27=0,$H27=""),$K27,MIN($L27+1,$K27+$G27*$H27)) -> 46356 | N27: 22
A28: =IF($C28="","",ROW()-4) -> 24 | B28: 外装工事 | C28: サッシ・外部建具取付 | D28: ▽▽サッシ | E28: 46370 | F28: 46395 | G28: =IF(OR($E28="",$F28=""),0,$F28-$E28+1) -> 26 | H28: 0 | K28: =IF($E28="",0,$E28) -> 46370 | L28: =IF($F28="",0,$F28) -> 46395 | M28: =IF(OR($G28=0,$H28=""),$K28,MIN($L28+1,$K28+$G28*$H28)) -> 46370 | N28: 23
A29: =IF($C29="","",ROW()-4) -> 25 | B29: 外装工事 | C29: シール・外部防水 | D29: ●●防水 | E29: 46392 | F29: 46409 | G29: =IF(OR($E29="",$F29=""),0,$F29-$E29+1) -> 18 | H29: 0 | K29: =IF($E29="",0,$E29) -> 46392 | L29: =IF($F29="",0,$F29) -> 46409 | M29: =IF(OR($G29=0,$H29=""),$K29,MIN($L29+1,$K29+$G29*$H29)) -> 46392 | N29: 24
A30: =IF($C30="","",ROW()-4) -> 26 | B30: 外装工事 | C30: 外壁塗装・仕上 | D30: ■■外装 | E30: 46405 | F30: 46423 | G30: =IF(OR($E30="",$F30=""),0,$F30-$E30+1) -> 19 | H30: 0 | K30: =IF($E30="",0,$E30) -> 46405 | L30: =IF($F30="",0,$F30) -> 46423 | M30: =IF(OR($G30=0,$H30=""),$K30,MIN($L30+1,$K30+$G30*$H30)) -> 46405 | N30: 25
A31: =IF($C31="","",ROW()-4) -> 27 | B31: マイルストーン | C31: 外部足場解体 | E31: 46412 | F31: 46412 | G31: =IF(OR($E31="",$F31=""),0,$F31-$E31+1) -> 1 | I31: ○ | K31: =IF($E31="",0,$E31) -> 46412 | L31: =IF($F31="",0,$F31) -> 46412 | M31: =IF(OR($G31=0,$H31=""),$K31,MIN($L31+1,$K31+$G31*$H31)) -> 46412 | N31: 26
A32: =IF($C32="","",ROW()-4) -> 28 | B32: 仮設工事 | C32: 外部足場解体 | D32: ○○仮設工業 | E32: 46412 | F32: 46417 | G32: =IF(OR($E32="",$F32=""),0,$F32-$E32+1) -> 6 | H32: 0 | K32: =IF($E32="",0,$E32) -> 46412 | L32: =IF($F32="",0,$F32) -> 46417 | M32: =IF(OR($G32=0,$H32=""),$K32,MIN($L32+1,$K32+$G32*$H32)) -> 46412 | N32: 27
A33: =IF($C33="","",ROW()-4) -> 29 | B33: 内装・設備工事 | C33: 設備配管・配線(隠蔽部) | D33: △△電設・◎◎設備 | E33: 46342 | F33: 46403 | G33: =IF(OR($E33="",$F33=""),0,$F33-$E33+1) -> 62 | H33: 0 | K33: =IF($E33="",0,$E33) -> 46342 | L33: =IF($F33="",0,$F33) -> 46403 | M33: =IF(OR($G33=0,$H33=""),$K33,MIN($L33+1,$K33+$G33*$H33)) -> 46342 | N33: 20
A34: =IF($C34="","",ROW()-4) -> 30 | B34: 内装・設備工事 | C34: 天井・壁LGS下地 | D34: ☆☆内装 | E34: 46377 | F34: 46416 | G34: =IF(OR($E34="",$F34=""),0,$F34-$E34+1) -> 40 | H34: 0 | K34: =IF($E34="",0,$E34) -> 46377 | L34: =IF($F34="",0,$F34) -> 46416 | M34: =IF(OR($G34=0,$H34=""),$K34,MIN($L34+1,$K34+$G34*$H34)) -> 46377 | N34: 21 | O34: 29
A35: =IF($C35="","",ROW()-4) -> 31 | B35: 内装・設備工事 | C35: ボード貼り | D35: ☆☆内装 | E35: 46399 | F35: 46430 | G35: =IF(OR($E35="",$F35=""),0,$F35-$E35+1) -> 32 | H35: 0 | K35: =IF($E35="",0,$E35) -> 46399 | L35: =IF($F35="",0,$F35) -> 46430 | M35: =IF(OR($G35=0,$H35=""),$K35,MIN($L35+1,$K35+$G35*$H35)) -> 46399 | N35: 30
A36: =IF($C36="","",ROW()-4) -> 32 | B36: マイルストーン | C36: 受電 | E36: 46420 | F36: 46420 | G36: =IF(OR($E36="",$F36=""),0,$F36-$E36+1) -> 1 | I36: ○ | K36: =IF($E36="",0,$E36) -> 46420 | L36: =IF($F36="",0,$F36) -> 46420 | M36: =IF(OR($G36=0,$H36=""),$K36,MIN($L36+1,$K36+$G36*$H36)) -> 46420 | N36: 25
A37: =IF($C37="","",ROW()-4) -> 33 | B37: 内装・設備工事 | C37: 塗装・クロス仕上 | D37: ☆☆内装 | E37: 46426 | F37: 46451 | G37: =IF(OR($E37="",$F37=""),0,$F37-$E37+1) -> 26 | H37: 0 | K37: =IF($E37="",0,$E37) -> 46426 | L37: =IF($F37="",0,$F37) -> 46451 | M37: =IF(OR($G37=0,$H37=""),$K37,MIN($L37+1,$K37+$G37*$H37)) -> 46426 | N37: 31
A38: =IF($C38="","",ROW()-4) -> 34 | B38: 内装・設備工事 | C38: 床仕上げ | D38: ☆☆内装 | E38: 46440 | F38: 46458 | G38: =IF(OR($E38="",$F38=""),0,$F38-$E38+1) -> 19 | H38: 0 | K38: =IF($E38="",0,$E38) -> 46440 | L38: =IF($F38="",0,$F38) -> 46458 | M38: =IF(OR($G38=0,$H38=""),$K38,MIN($L38+1,$K38+$G38*$H38)) -> 46440 | N38: 33
A39: =IF($C39="","",ROW()-4) -> 35 | B39: 内装・設備工事 | C39: 照明・衛生器具取付 | D39: △△電設・◎◎設備 | E39: 46433 | F39: 46456 | G39: =IF(OR($E39="",$F39=""),0,$F39-$E39+1) -> 24 | H39: 0 | K39: =IF($E39="",0,$E39) -> 46433 | L39: =IF($F39="",0,$F39) -> 46456 | M39: =IF(OR($G39=0,$H39=""),$K39,MIN($L39+1,$K39+$G39*$H39)) -> 46433 | N39: 31 | O39: 32
A40: =IF($C40="","",ROW()-4) -> 36 | B40: 内装・設備工事 | C40: 空調機器設置・試運転調整 | D40: ◎◎設備 | E40: 46419 | F40: 46462 | G40: =IF(OR($E40="",$F40=""),0,$F40-$E40+1) -> 44 | H40: 0 | K40: =IF($E40="",0,$E40) -> 46419 | L40: =IF($F40="",0,$F40) -> 46462 | M40: =IF(OR($G40=0,$H40=""),$K40,MIN($L40+1,$K40+$G40*$H40)) -> 46419 | N40: 32
A41: =IF($C41="","",ROW()-4) -> 37 | B41: 外構工事 | C41: 外構土工・排水 | D41: ▲▲土木 | E41: 46426 | F41: 46444 | G41: =IF(OR($E41="",$F41=""),0,$F41-$E41+1) -> 19 | H41: 0 | K41: =IF($E41="",0,$E41) -> 46426 | L41: =IF($F41="",0,$F41) -> 46444 | M41: =IF(OR($G41=0,$H41=""),$K41,MIN($L41+1,$K41+$G41*$H41)) -> 46426 | N41: 28
A42: =IF($C42="","",ROW()-4) -> 38 | B42: 外構工事 | C42: 舗装・植栽 | D42: ▲▲土木 | E42: 46447 | F42: 46465 | G42: =IF(OR($E42="",$F42=""),0,$F42-$E42+1) -> 19 | H42: 0 | K42: =IF($E42="",0,$E42) -> 46447 | L42: =IF($F42="",0,$F42) -> 46465 | M42: =IF(OR($G42=0,$H42=""),$K42,MIN($L42+1,$K42+$G42*$H42)) -> 46447 | N42: 37
A43: =IF($C43="","",ROW()-4) -> 39 | B43: 検査・引渡 | C43: 社内検査・是正 | D43: △△建設 | E43: 46454 | F43: 46463 | G43: =IF(OR($E43="",$F43=""),0,$F43-$E43+1) -> 10 | H43: 0 | K43: =IF($E43="",0,$E43) -> 46454 | L43: =IF($F43="",0,$F43) -> 46463 | M43: =IF(OR($G43=0,$H43=""),$K43,MIN($L43+1,$K43+$G43*$H43)) -> 46454 | N43: 34 | O43: 35 | P43: 36
A44: =IF($C44="","",ROW()-4) -> 40 | B44: マイルストーン | C44: 消防・完了検査 | E44: 46456 | F44: 46456 | G44: =IF(OR($E44="",$F44=""),0,$F44-$E44+1) -> 1 | I44: ○ | K44: =IF($E44="",0,$E44) -> 46456 | L44: =IF($F44="",0,$F44) -> 46456 | M44: =IF(OR($G44=0,$H44=""),$K44,MIN($L44+1,$K44+$G44*$H44)) -> 46456 | N44: 39
A45: =IF($C45="","",ROW()-4) -> 41 | B45: 検査・引渡 | C45: 美装クリーニング | D45: ▼▼美装 | E45: 46461 | F45: 46470 | G45: =IF(OR($E45="",$F45=""),0,$F45-$E45+1) -> 10 | H45: 0 | K45: =IF($E45="",0,$E45) -> 46461 | L45: =IF($F45="",0,$F45) -> 46470 | M45: =IF(OR($G45=0,$H45=""),$K45,MIN($L45+1,$K45+$G45*$H45)) -> 46461 | N45: 39
A46: =IF($C46="","",ROW()-4) -> 42 | B46: マイルストーン | C46: 施主検査 | E46: 46464 | F46: 46464 | G46: =IF(OR($E46="",$F46=""),0,$F46-$E46+1) -> 1 | I46: ○ | K46: =IF($E46="",0,$E46) -> 46464 | L46: =IF($F46="",0,$F46) -> 46464 | M46: =IF(OR($G46=0,$H46=""),$K46,MIN($L46+1,$K46+$G46*$H46)) -> 46464 | N46: 40 | O46: 41
A47: =IF($C47="","",ROW()-4) -> 43 | B47: 検査・引渡 | C47: 是正・手直し | D47: △△建設 | E47: 46465 | F47: 46475 | G47: =IF(OR($E47="",$F47=""),0,$F47-$E47+1) -> 11 | H47: 0 | K47: =IF($E47="",0,$E47) -> 46465 | L47: =IF($F47="",0,$F47) -> 46475 | M47: =IF(OR($G47=0,$H47=""),$K47,MIN($L47+1,$K47+$G47*$H47)) -> 46465 | N47: 42
A48: =IF($C48="","",ROW()-4) -> 44 | B48: 仮設工事 | C48: 仮囲い・事務所撤去 | D48: ○○仮設工業 | E48: 46468 | F48: 46473 | G48: =IF(OR($E48="",$F48=""),0,$F48-$E48+1) -> 6 | H48: 0 | K48: =IF($E48="",0,$E48) -> 46468 | L48: =IF($F48="",0,$F48) -> 46473 | M48: =IF(OR($G48=0,$H48=""),$K48,MIN($L48+1,$K48+$G48*$H48)) -> 46468 | N48: 38 | O48: 43
A49: =IF($C49="","",ROW()-4) -> 45 | B49: マイルストーン | C49: 竣工・引渡し | E49: 46477 | F49: 46477 | G49: =IF(OR($E49="",$F49=""),0,$F49-$E49+1) -> 1 | I49: ○ | K49: =IF($E49="",0,$E49) -> 46477 | L49: =IF($F49="",0,$F49) -> 46477 | M49: =IF(OR($G49=0,$H49=""),$K49,MIN($L49+1,$K49+$G49*$H49)) -> 46477 | N49: 43 | O49: 44
A50: =IF($C50="","",ROW()-4) | G50: =IF(OR($E50="",$F50=""),0,$F50-$E50+1) -> 0 | K50: =IF($E50="",0,$E50) -> 0 | L50: =IF($F50="",0,$F50) -> 0 | M50: =IF(OR($G50=0,$H50=""),$K50,MIN($L50+1,$K50+$G50*$H50)) -> 0
A51: =IF($C51="","",ROW()-4) | G51: =IF(OR($E51="",$F51=""),0,$F51-$E51+1) -> 0 | K51: =IF($E51="",0,$E51) -> 0 | L51: =IF($F51="",0,$F51) -> 0 | M51: =IF(OR($G51=0,$H51=""),$K51,MIN($L51+1,$K51+$G51*$H51)) -> 0
A52: =IF($C52="","",ROW()-4) | G52: =IF(OR($E52="",$F52=""),0,$F52-$E52+1) -> 0 | K52: =IF($E52="",0,$E52) -> 0 | L52: =IF($F52="",0,$F52) -> 0 | M52: =IF(OR($G52=0,$H52=""),$K52,MIN($L52+1,$K52+$G52*$H52)) -> 0
A53: =IF($C53="","",ROW()-4) | G53: =IF(OR($E53="",$F53=""),0,$F53-$E53+1) -> 0 | K53: =IF($E53="",0,$E53) -> 0 | L53: =IF($F53="",0,$F53) -> 0 | M53: =IF(OR($G53=0,$H53=""),$K53,MIN($L53+1,$K53+$G53*$H53)) -> 0
A54: =IF($C54="","",ROW()-4) | G54: =IF(OR($E54="",$F54=""),0,$F54-$E54+1) -> 0 | K54: =IF($E54="",0,$E54) -> 0 | L54: =IF($F54="",0,$F54) -> 0 | M54: =IF(OR($G54=0,$H54=""),$K54,MIN($L54+1,$K54+$G54*$H54)) -> 0
A55: =IF($C55="","",ROW()-4) | G55: =IF(OR($E55="",$F55=""),0,$F55-$E55+1) -> 0 | K55: =IF($E55="",0,$E55) -> 0 | L55: =IF($F55="",0,$F55) -> 0 | M55: =IF(OR($G55=0,$H55=""),$K55,MIN($L55+1,$K55+$G55*$H55)) -> 0
A56: =IF($C56="","",ROW()-4) | G56: =IF(OR($E56="",$F56=""),0,$F56-$E56+1) -> 0 | K56: =IF($E56="",0,$E56) -> 0 | L56: =IF($F56="",0,$F56) -> 0 | M56: =IF(OR($G56=0,$H56=""),$K56,MIN($L56+1,$K56+$G56*$H56)) -> 0
A57: =IF($C57="","",ROW()-4) | G57: =IF(OR($E57="",$F57=""),0,$F57-$E57+1) -> 0 | K57: =IF($E57="",0,$E57) -> 0 | L57: =IF($F57="",0,$F57) -> 0 | M57: =IF(OR($G57=0,$H57=""),$K57,MIN($L57+1,$K57+$G57*$H57)) -> 0
A58: =IF($C58="","",ROW()-4) | G58: =IF(OR($E58="",$F58=""),0,$F58-$E58+1) -> 0 | K58: =IF($E58="",0,$E58) -> 0 | L58: =IF($F58="",0,$F58) -> 0 | M58: =IF(OR($G58=0,$H58=""),$K58,MIN($L58+1,$K58+$G58*$H58)) -> 0
A59: =IF($C59="","",ROW()-4) | G59: =IF(OR($E59="",$F59=""),0,$F59-$E59+1) -> 0 | K59: =IF($E59="",0,$E59) -> 0 | L59: =IF($F59="",0,$F59) -> 0 | M59: =IF(OR($G59=0,$H59=""),$K59,MIN($L59+1,$K59+$G59*$H59)) -> 0
A60: =IF($C60="","",ROW()-4) | G60: =IF(OR($E60="",$F60=""),0,$F60-$E60+1) -> 0 | K60: =IF($E60="",0,$E60) -> 0 | L60: =IF($F60="",0,$F60) -> 0 | M60: =IF(OR($G60=0,$H60=""),$K60,MIN($L60+1,$K60+$G60*$H60)) -> 0
A61: =IF($C61="","",ROW()-4) | G61: =IF(OR($E61="",$F61=""),0,$F61-$E61+1) -> 0 | K61: =IF($E61="",0,$E61) -> 0 | L61: =IF($F61="",0,$F61) -> 0 | M61: =IF(OR($G61=0,$H61=""),$K61,MIN($L61+1,$K61+$G61*$H61)) -> 0
... A154: =IF($C154="","",ROW()-4) | G154: =IF(OR($E154="",$F154=""),0,$F154-$E154+1) -> 0 | K154: =IF($E154="",0,$E154) -> 0 | L154: =IF($F154="",0,$F154) -> 0 | M154: =IF(OR($G154=0,$H154=""),$K154,MIN($L154+1,$K154+$G154*$H154)) -> 0

Sheet 全体工程表
A1: =設定!$B$3&" 全体工程表" -> (仮称)○○ビル新築工事 全体工程表
A2: ="工期: "&TEXT(設定!$B$8,"yyyy/m/d")&" 〜 "&TEXT(設定!$B$9,"yyyy/m/d")&" 発注者: "&設定!$B$4&" 元請: "&設定!$B$5&" 現場代理人: "&設定!$B$6 -> 工期: 2026/7/1 〜 2027/3/31 発注者: ○○株式会社 元請: △△建設株式会社 現場代理人: 山田 太郎 | L2: 現在の全体進捗率: | N2: =IF(SUMPRODUCT((工程マスタ!$K$5:$K$154>0)*(工程マスタ!$I$5:$I$154<>"○")*工程マスタ!$G$5:$G$154)=0,0,SUMPRODUCT((工程マスタ!$K$5:$K$154>0)*(工程マスタ!$I$5:$I$154<>"○")*工程マスタ!$G$5:$G$154,工程マスタ!$H$5:$H$154)/SUMPRODUCT((工程マスタ!$K$5:$K$154>0)*(工程マスタ!$I$5:$I$154<>"○")*工程マスタ!$G$5:$G$154)) -> 0.044848901 | S2: =IF(SUMPRODUCT((工程マスタ!$K$5:$K$154>0)*1)>100,"※作業が100件を超えています。超過分は全体工程表に表示されません。","") | U2: 凡例: | V2: 予定 | W2: 実績 | X2: ▼ MS
H3: =設定!$B$12 -> 46204 | I3: =EDATE(H$3,1) -> 46235 | J3: =EDATE(I$3,1) -> 46266 | K3: =EDATE(J$3,1) -> 46296 | L3: =EDATE(K$3,1) -> 46327 | M3: =EDATE(L$3,1) -> 46357 | N3: =EDATE(M$3,1) -> 46388 | O3: =EDATE(N$3,1) -> 46419 | P3: =EDATE(O$3,1) -> 46447 | ... AE3: =EDATE(AD$3,1) -> 46905
H4: =IF(OR(COLUMN()=8,MONTH(H$3)=1),YEAR(H$3)&"年","") -> 2026年 | I4: =IF(OR(COLUMN()=8,MONTH(I$3)=1),YEAR(I$3)&"年","") | J4: =IF(OR(COLUMN()=8,MONTH(J$3)=1),YEAR(J$3)&"年","") | K4: =IF(OR(COLUMN()=8,MONTH(K$3)=1),YEAR(K$3)&"年","") | L4: =IF(OR(COLUMN()=8,MONTH(L$3)=1),YEAR(L$3)&"年","") | M4: =IF(OR(COLUMN()=8,MONTH(M$3)=1),YEAR(M$3)&"年","") | N4: =IF(OR(COLUMN()=8,MONTH(N$3)=1),YEAR(N$3)&"年","") -> 2027年 | O4: =IF(OR(COLUMN()=8,MONTH(O$3)=1),YEAR(O$3)&"年","") | ... AE4: =IF(OR(COLUMN()=8,MONTH(AE$3)=1),YEAR(AE$3)&"年","")
A5: No | B5: 工種 | C5: 作業名 | D5: 担当業者 | E5: 開始 | F5: 終了 | G5: 進捗 | H5: =MONTH(H$3)&"月" -> 7月 | I5: =MONTH(I$3)&"月" -> 8月 | J5: =MONTH(J$3)&"月" -> 9月 | K5: =MONTH(K$3)&"月" -> 10月 | L5: =MONTH(L$3)&"月" -> 11月 | M5: =MONTH(M$3)&"月" -> 12月 | N5: =MONTH(N$3)&"月" -> 1月 | O5: =MONTH(O$3)&"月" -> 2月 | ... AE5: =MONTH(AE$3)&"月" -> 6月
A6: =IF($AG6=0,"",IF(INDEX(工程マスタ!$A:$A,$AG6)="","",INDEX(工程マスタ!$A:$A,$AG6))) -> 1 | B6: =IF($AG6=0,"",IF(INDEX(工程マスタ!$B:$B,$AG6)="","",INDEX(工程マスタ!$B:$B,$AG6))) -> マイルストーン | C6: =IF($AG6=0,"",IF(INDEX(工程マスタ!$C:$C,$AG6)="","",INDEX(工程マスタ!$C:$C,$AG6))) -> 着工 | D6: =IF($AG6=0,"",IF(INDEX(工程マスタ!$D:$D,$AG6)="","",INDEX(工程マスタ!$D:$D,$AG6))) | E6: =IF($AG6=0,"",IF(INDEX(工程マスタ!$E:$E,$AG6)="","",INDEX(工程マスタ!$E:$E,$AG6))) -> 46204 | F6: =IF($AG6=0,"",IF(INDEX(工程マスタ!$F:$F,$AG6)="","",INDEX(工程マスタ!$F:$F,$AG6))) -> 46204 | G6: =IF($AG6=0,"",IF(INDEX(工程マスタ!$H:$H,$AG6)="","",INDEX(工程マスタ!$H:$H,$AG6))) | H6: =IF(OR($AG6=0,H$3=""),"",IF(AND(INDEX(工程マスタ!$I:$I,$AG6)="○",$E6>=H$3,$E6<EDATE(H$3,1)),"▼","")) -> ▼ | I6: =IF(OR($AG6=0,I$3=""),"",IF(AND(INDEX(工程マスタ!$I:$I,$AG6)="○",$E6>=I$3,$E6<EDATE(I$3,1)),"▼","")) | J6: =IF(OR($AG6=0,J$3=""),"",IF(AND(INDEX(工程マスタ!$I:$I,$AG6)="○",$E6>=J$3,$E6<EDATE(J$3,1)),"▼","")) | K6: =IF(OR($AG6=0,K$3=""),"",IF(AND(INDEX(工程マスタ!$I:$I,$AG6)="○",$E6>=K$3,$E6<EDATE(K$3,1)),"▼","")) | L6: =IF(OR($AG6=0,L$3=""),"",IF(AND(INDEX(工程マスタ!$I:$I,$AG6)="○",$E6>=L$3,$E6<EDATE(L$3,1)),"▼","")) | M6: =IF(OR($AG6=0,M$3=""),"",IF(AND(INDEX(工程マスタ!$I:$I,$AG6)="○",$E6>=M$3,$E6<EDATE(M$3,1)),"▼","")) | N6: =IF(OR($AG6=0,N$3=""),"",IF(AND(INDEX(工程マスタ!$I:$I,$AG6)="○",$E6>=N$3,$E6<EDATE(N$3,1)),"▼","")) | O6: =IF(OR($AG6=0,O$3=""),"",IF(AND(INDEX(工程マスタ!$I:$I,$AG6)="○",$E6>=O$3,$E6<EDATE(O$3,1)),"▼","")) | ... AE6: =IF(OR($AG6=0,AE$3=""),"",IF(AND(INDEX(工程マスタ!$I:$I,$AG6)="○",$E6>=AE$3,$E6<EDATE(AE$3,1)),"▼","")) | AG6: {=IFERROR(SMALL(IF(工程マスタ!$K$5:$K$154>0,ROW(工程マスタ!$C$5:$C$154)),1),0)} -> 5 | AH6: =IF($AG6=0,0,INDEX(工程マスタ!$M:$M,$AG6)) -> 46204
A7: =IF($AG7=0,"",IF(INDEX(工程マスタ!$A:$A,$AG7)="","",INDEX(工程マスタ!$A:$A,$AG7))) -> 2 | B7: =IF($AG7=0,"",IF(INDEX(工程マスタ!$B:$B,$AG7)="","",INDEX(工程マスタ!$B:$B,$AG7))) -> マイルストーン | C7: =IF($AG7=0,"",IF(INDEX(工程マスタ!$C:$C,$AG7)="","",INDEX(工程マスタ!$C:$C,$AG7))) -> 地鎮祭・安全祈願祭 | D7: =IF($AG7=0,"",IF(INDEX(工程マスタ!$D:$D,$AG7)="","",INDEX(工程マスタ!$D:$D,$AG7))) | E7: =IF($AG7=0,"",IF(INDEX(工程マスタ!$E:$E,$AG7)="","",INDEX(工程マスタ!$E:$E,$AG7))) -> 46207 | F7: =IF($AG7=0,"",IF(INDEX(工程マスタ!$F:$F,$AG7)="","",INDEX(工程マスタ!$F:$F,$AG7))) -> 46207 | G7: =IF($AG7=0,"",IF(INDEX(工程マスタ!$H:$H,$AG7)="","",INDEX(工程マスタ!$H:$H,$AG7))) | H7: =IF(OR($AG7=0,H$3=""),"",IF(AND(INDEX(工程マスタ!$I:$I,$AG7)="○",$E7>=H$3,$E7<EDATE(H$3,1)),"▼","")) -> ▼ | I7: =IF(OR($AG7=0,I$3=""),"",IF(AND(INDEX(工程マスタ!$I:$I,$AG7)="○",$E7>=I$3,$E7<EDATE(I$3,1)),"▼","")) | J7: =IF(OR($AG7=0,J$3=""),"",IF(AND(INDEX(工程マスタ!$I:$I,$AG7)="○",$E7>=J$3,$E7<EDATE(J$3,1)),"▼","")) | K7: =IF(OR($AG7=0,K$3=""),"",IF(AND(INDEX(工程マスタ!$I:$I,$AG7)="○",$E7>=K$3,$E7<EDATE(K$3,1)),"▼","")) | L7: =IF(OR($AG7=0,L$3=""),"",IF(AND(INDEX(工程マスタ!$I:$I,$AG7)="○",$E7>=L$3,$E7<EDATE(L$3,1)),"▼","")) | M7: =IF(OR($AG7=0,M$3=""),"",IF(AND(INDEX(工程マスタ!$I:$I,$AG7)="○",$E7>=M$3,$E7<EDATE(M$3,1)),"▼","")) | N7: =IF(OR($AG7=0,N$3=""),"",IF(AND(INDEX(工程マスタ!$I:$I,$AG7)="○",$E7>=N$3,$E7<EDATE(N$3,1)),"▼","")) | O7: =IF(OR($AG7=0,O$3=""),"",IF(AND(INDEX(工程マスタ!$I:$I,$AG7)="○",$E7>=O$3,$E7<EDATE(O$3,1)),"▼","")) | ... AE7: =IF(OR($AG7=0,AE$3=""),"",IF(AND(INDEX(工程マスタ!$I:$I,$AG7)="○",$E7>=AE$3,$E7<EDATE(AE$3,1)),"▼","")) | AG7: {=IFERROR(SMALL(IF(工程マスタ!$K$5:$K$154>0,ROW(工程マスタ!$C$5:$C$154)),2),0)} -> 6 | AH7: =IF($AG7=0,0,INDEX(工程マスタ!$M:$M,$AG7)) -> 46207
A8: =IF($AG8=0,"",IF(INDEX(工程マスタ!$A:$A,$AG8)="","",INDEX(工程マスタ!$A:$A,$AG8))) -> 3 | B8: =IF($AG8=0,"",IF(INDEX(工程マスタ!$B:$B,$AG8)="","",INDEX(工程マスタ!$B:$B,$AG8))) -> 仮設工事 | C8: =IF($AG8=0,"",IF(INDEX(工程マスタ!$C:$C,$AG8)="","",INDEX(工程マスタ!$C:$C,$AG8))) -> 仮囲い・ゲート設置 | D8: =IF($AG8=0,"",IF(INDEX(工程マスタ!$D:$D,$AG8)="","",INDEX(工程マスタ!$D:$D,$AG8))) -> ○○仮設工業 | E8: =IF($AG8=0,"",IF(INDEX(工程マスタ!$E:$E,$AG8)="","",INDEX(工程マスタ!$E:$E,$AG8))) -> 46204 | F8: =IF($AG8=0,"",IF(INDEX(工程マスタ!$F:$F,$AG8)="","",INDEX(工程マスタ!$F:$F,$AG8))) -> 46213 | G8: =IF($AG8=0,"",IF(INDEX(工程マスタ!$H:$H,$AG8)="","",INDEX(工程マスタ!$H:$H,$AG8))) -> 1 | H8: =IF(OR($AG8=0,H$3=""),"",IF(AND(INDEX(工程マスタ!$I:$I,$AG8)="○",$E8>=H$3,$E8<EDATE(H$3,1)),"▼","")) | I8: =IF(OR($AG8=0,I$3=""),"",IF(AND(INDEX(工程マスタ!$I:$I,$AG8)="○",$E8>=I$3,$E8<EDATE(I$3,1)),"▼","")) | J8: =IF(OR($AG8=0,J$3=""),"",IF(AND(INDEX(工程マスタ!$I:$I,$AG8)="○",$E8>=J$3,$E8<EDATE(J$3,1)),"▼","")) | K8: =IF(OR($AG8=0,K$3=""),"",IF(AND(INDEX(工程マスタ!$I:$I,$AG8)="○",$E8>=K$3,$E8<EDATE(K$3,1)),"▼","")) | L8: =IF(OR($AG8=0,L$3=""),"",IF(AND(INDEX(工程マスタ!$I:$I,$AG8)="○",$E8>=L$3,$E8<EDATE(L$3,1)),"▼","")) | M8: =IF(OR($AG8=0,M$3=""),"",IF(AND(INDEX(工程マスタ!$I:$I,$AG8)="○",$E8>=M$3,$E8<EDATE(M$3,1)),"▼","")) | N8: =IF(OR($AG8=0,N$3=""),"",IF(AND(INDEX(工程マスタ!$I:$I,$AG8)="○",$E8>=N$3,$E8<EDATE(N$3,1)),"▼","")) | O8: =IF(OR($AG8=0,O$3=""),"",IF(AND(INDEX(工程マスタ!$I:$I,$AG8)="○",$E8>=O$3,$E8<EDATE(O$3,1)),"▼","")) | ... AE8: =IF(OR($AG8=0,AE$3=""),"",IF(AND(INDEX(工程マスタ!$I:$I,$AG8)="○",$E8>=AE$3,$E8<EDATE(AE$3,1)),"▼","")) | AG8: {=IFERROR(SMALL(IF(工程マスタ!$K$5:$K$154>0,ROW(工程マスタ!$C$5:$C$154)),3),0)} -> 7 | AH8: =IF($AG8=0,0,INDEX(工程マスタ!$M:$M,$AG8)) -> 46214
A9: =IF($AG9=0,"",IF(INDEX(工程マスタ!$A:$A,$AG9)="","",INDEX(工程マスタ!$A:$A,$AG9))) -> 4 | B9: =IF($AG9=0,"",IF(INDEX(工程マスタ!$B:$B,$AG9)="","",INDEX(工程マスタ!$B:$B,$AG9))) -> 仮設工事 | C9: =IF($AG9=0,"",IF(INDEX(工程マスタ!$C:$C,$AG9)="","",INDEX(工程マスタ!$C:$C,$AG9))) -> 現場事務所・休憩所設置 | D9: =IF($AG9=0,"",IF(INDEX(工程マスタ!$D:$D,$AG9)="","",INDEX(工程マスタ!$D:$D,$AG9))) -> ○○仮設工業 | E9: =IF($AG9=0,"",IF(INDEX(工程マスタ!$E:$E,$AG9)="","",INDEX(工程マスタ!$E:$E,$AG9))) -> 46209 | F9: =IF($AG9=0,"",IF(INDEX(工程マスタ!$F:$F,$AG9)="","",INDEX(工程マスタ!$F:$F,$AG9))) -> 46218 | G9: =IF($AG9=0,"",IF(INDEX(工程マスタ!$H:$H,$AG9)="","",INDEX(工程マスタ!$H:$H,$AG9))) -> 1 | H9: =IF(OR($AG9=0,H$3=""),"",IF(AND(INDEX(工程マスタ!$I:$I,$AG9)="○",$E9>=H$3,$E9<EDATE(H$3,1)),"▼","")) | I9: =IF(OR($AG9=0,I$3=""),"",IF(AND(INDEX(工程マスタ!$I:$I,$AG9)="○",$E9>=I$3,$E9<EDATE(I$3,1)),"▼","")) | J9: =IF(OR($AG9=0,J$3=""),"",IF(AND(INDEX(工程マスタ!$I:$I,$AG9)="○",$E9>=J$3,$E9<EDATE(J$3,1)),"▼","")) | K9: =IF(OR($AG9=0,K$3=""),"",IF(AND(INDEX(工程マスタ!$I:$I,$AG9)="○",$E9>=K$3,$E9<EDATE(K$3,1)),"▼","")) | L9: =IF(OR($AG9=0,L$3=""),"",IF(AND(INDEX(工程マスタ!$I:$I,$AG9)="○",$E9>=L$3,$E9<EDATE(L$3,1)),"▼","")) | M9: =IF(OR($AG9=0,M$3=""),"",IF(AND(INDEX(工程マスタ!$I:$I,$AG9)="○",$E9>=M$3,$E9<EDATE(M$3,1)),"▼","")) | N9: =IF(OR($AG9=0,N$3=""),"",IF(AND(INDEX(工程マスタ!$I:$I,$AG9)="○",$E9>=N$3,$E9<EDATE(N$3,1)),"▼","")) | O9: =IF(OR($AG9=0,O$3=""),"",IF(AND(INDEX(工程マスタ!$I:$I,$AG9)="○",$E9>=O$3,$E9<EDATE(O$3,1)),"▼","")) | ... AE9: =IF(OR($AG9=0,AE$3=""),"",IF(AND(INDEX(工程マスタ!$I:$I,$AG9)="○",$E9>=AE$3,$E9<EDATE(AE$3,1)),"▼","")) | AG9: {=IFERROR(SMALL(IF(工程マスタ!$K$5:$K$154>0,ROW(工程マスタ!$C$5:$C$154)),4),0)} -> 8 | AH9: =IF($AG9=0,0,INDEX(工程マスタ!$M:$M,$AG9)) -> 46219
A10: =IF($AG10=0,"",IF(INDEX(工程マスタ!$A:$A,$AG10)="","",INDEX(工程マスタ!$A:$A,$AG10))) -> 5 | B10: =IF($AG10=0,"",IF(INDEX(工程マスタ!$B:$B,$AG10)="","",INDEX(工程マスタ!$B:$B,$AG10))) -> 仮設工事 | C10: =IF($AG10=0,"",IF(INDEX(工程マスタ!$C:$C,$AG10)="","",INDEX(工程マスタ!$C:$C,$AG10))) -> 仮設電気・給排水引込み | D10: =IF($AG10=0,"",IF(INDEX(工程マスタ!$D:$D,$AG10)="","",INDEX(工程マスタ!$D:$D,$AG10))) -> △△電設 | E10: =IF($AG10=0,"",IF(INDEX(工程マスタ!$E:$E,$AG10)="","",INDEX(工程マスタ!$E:$E,$AG10))) -> 46216 | F10: =IF($AG10=0,"",IF(INDEX(工程マスタ!$F:$F,$AG10)="","",INDEX(工程マスタ!$F:$F,$AG10))) -> 46225 | G10: =IF($AG10=0,"",IF(INDEX(工程マスタ!$H:$H,$AG10)="","",INDEX(工程マスタ!$H:$H,$AG10))) -> 0.6 | H10: =IF(OR($AG10=0,H$3=""),"",IF(AND(INDEX(工程マスタ!$I:$I,$AG10)="○",$E10>=H$3,$E10<EDATE(H$3,1)),"▼","")) | I10: =IF(OR($AG10=0,I$3=""),"",IF(AND(INDEX(工程マスタ!$I:$I,$AG10)="○",$E10>=I$3,$E10<EDATE(I$3,1)),"▼","")) | J10: =IF(OR($AG10=0,J$3=""),"",IF(AND(INDEX(工程マスタ!$I:$I,$AG10)="○",$E10>=J$3,$E10<EDATE(J$3,1)),"▼","")) | K10: =IF(OR($AG10=0,K$3=""),"",IF(AND(INDEX(工程マスタ!$I:$I,$AG10)="○",$E10>=K$3,$E10<EDATE(K$3,1)),"▼","")) | L10: =IF(OR($AG10=0,L$3=""),"",IF(AND(INDEX(工程マスタ!$I:$I,$AG10)="○",$E10>=L$3,$E10<EDATE(L$3,1)),"▼","")) | M10: =IF(OR($AG10=0,M$3=""),"",IF(AND(INDEX(工程マスタ!$I:$I,$AG10)="○",$E10>=M$3,$E10<EDATE(M$3,1)),"▼","")) | N10: =IF(OR($AG10=0,N$3=""),"",IF(AND(INDEX(工程マスタ!$I:$I,$AG10)="○",$E10>=N$3,$E10<EDATE(N$3,1)),"▼","")) | O10: =IF(OR($AG10=0,O$3=""),"",IF(AND(INDEX(工程マスタ!$I:$I,$AG10)="○",$E10>=O$3,$E10<EDATE(O$3,1)),"▼","")) | ... AE10: =IF(OR($AG10=0,AE$3=""),"",IF(AND(INDEX(工程マスタ!$I:$I,$AG10)="○",$E10>=AE$3,$E10<EDATE(AE$3,1)),"▼","")) | AG10: {=IFERROR(SMALL(IF(工程マスタ!$K$5:$K$154>0,ROW(工程マスタ!$C$5:$C$154)),5),0)} -> 9 | AH10: =IF($AG10=0,0,INDEX(工程マスタ!$M:$M,$AG10)) -> 46222
A11: =IF($AG11=0,"",IF(INDEX(工程マスタ!$A:$A,$AG11)="","",INDEX(工程マスタ!$A:$A,$AG11))) -> 6 | B11: =IF($AG11=0,"",IF(INDEX(工程マスタ!$B:$B,$AG11)="","",INDEX(工程マスタ!$B:$B,$AG11))) -> 地業基礎工事 | C11: =IF($AG11=0,"",IF(INDEX(工程マスタ!$C:$C,$AG11)="","",INDEX(工程マスタ!$C:$C,$AG11))) -> 杭工事 | D11: =IF($AG11=0,"",IF(INDEX(工程マスタ!$D:$D,$AG11)="","",INDEX(工程マスタ!$D:$D,$AG11))) -> □□基礎工業 | E11: =IF($AG11=0,"",IF(INDEX(工程マスタ!$E:$E,$AG11)="","",INDEX(工程マスタ!$E:$E,$AG11))) -> 46216 | F11: =IF($AG11=0,"",IF(INDEX(工程マスタ!$F:$F,$AG11)="","",INDEX(工程マスタ!$F:$F,$AG11))) -> 46234 | G11: =IF($AG11=0,"",IF(INDEX(工程マスタ!$H:$H,$AG11)="","",INDEX(工程マスタ!$H:$H,$AG11))) -> 0.35 | H11: =IF(OR($AG11=0,H$3=""),"",IF(AND(INDEX(工程マスタ!$I:$I,$AG11)="○",$E11>=H$3,$E11<EDATE(H$3,1)),"▼","")) | I11: =IF(OR($AG11=0,I$3=""),"",IF(AND(INDEX(工程マスタ!$I:$I,$AG11)="○",$E11>=I$3,$E11<EDATE(I$3,1)),"▼","")) | J11: =IF(OR($AG11=0,J$3=""),"",IF(AND(INDEX(工程マスタ!$I:$I,$AG11)="○",$E11>=J$3,$E11<EDATE(J$3,1)),"▼","")) | K11: =IF(OR($AG11=0,K$3=""),"",IF(AND(INDEX(工程マスタ!$I:$I,$AG11)="○",$E11>=K$3,$E11<EDATE(K$3,1)),"▼","")) | L11: =IF(OR($AG11=0,L$3=""),"",IF(AND(INDEX(工程マスタ!$I:$I,$AG11)="○",$E11>=L$3,$E11<EDATE(L$3,1)),"▼","")) | M11: =IF(OR($AG11=0,M$3=""),"",IF(AND(INDEX(工程マスタ!$I:$I,$AG11)="○",$E11>=M$3,$E11<EDATE(M$3,1)),"▼","")) | N11: =IF(OR($AG11=0,N$3=""),"",IF(AND(INDEX(工程マスタ!$I:$I,$AG11)="○",$E11>=N$3,$E11<EDATE(N$3,1)),"▼","")) | O11: =IF(OR($AG11=0,O$3=""),"",IF(AND(INDEX(工程マスタ!$I:$I,$AG11)="○",$E11>=O$3,$E11<EDATE(O$3,1)),"▼","")) | ... AE11: =IF(OR($AG11=0,AE$3=""),"",IF(AND(INDEX(工程マスタ!$I:$I,$AG11)="○",$E11>=AE$3,$E11<EDATE(AE$3,1)),"▼","")) | AG11: {=IFERROR(SMALL(IF(工程マスタ!$K$5:$K$154>0,ROW(工程マスタ!$C$5:$C$154)),6),0)} -> 10 | AH11: =IF($AG11=0,0,INDEX(工程マスタ!$M:$M,$AG11)) -> 46222.65
A12: =IF($AG12=0,"",IF(INDEX(工程マスタ!$A:$A,$AG12)="","",INDEX(工程マスタ!$A:$A,$AG12))) -> 7 | B12: =IF($AG12=0,"",IF(INDEX(工程マスタ!$B:$B,$AG12)="","",INDEX(工程マスタ!$B:$B,$AG12))) -> 土工事・山留 | C12: =IF($AG12=0,"",IF(INDEX(工程マスタ!$C:$C,$AG12)="","",INDEX(工程マスタ!$C:$C,$AG12))) -> 山留工事 | D12: =IF($AG12=0,"",IF(INDEX(工程マスタ!$D:$D,$AG12)="","",INDEX(工程マスタ!$D:$D,$AG12))) -> ▲▲土木 | E12: =IF($AG12=0,"",IF(INDEX(工程マスタ!$E:$E,$AG12)="","",INDEX(工程マスタ!$E:$E,$AG12))) -> 46230 | F12: =IF($AG12=0,"",IF(INDEX(工程マスタ!$F:$F,$AG12)="","",INDEX(工程マスタ!$F:$F,$AG12))) -> 46242 | G12: =IF($AG12=0,"",IF(INDEX(工程マスタ!$H:$H,$AG12)="","",INDEX(工程マスタ!$H:$H,$AG12))) -> 0 | H12: =IF(OR($AG12=0,H$3=""),"",IF(AND(INDEX(工程マスタ!$I:$I,$AG12)="○",$E12>=H$3,$E12<EDATE(H$3,1)),"▼","")) | I12: =IF(OR($AG12=0,I$3=""),"",IF(AND(INDEX(工程マスタ!$I:$I,$AG12)="○",$E12>=I$3,$E12<EDATE(I$3,1)),"▼","")) | J12: =IF(OR($AG12=0,J$3=""),"",IF(AND(INDEX(工程マスタ!$I:$I,$AG12)="○",$E12>=J$3,$E12<EDATE(J$3,1)),"▼","")) | K12: =IF(OR($AG12=0,K$3=""),"",IF(AND(INDEX(工程マスタ!$I:$I,$AG12)="○",$E12>=K$3,$E12<EDATE(K$3,1)),"▼","")) | L12: =IF(OR($AG12=0,L$3=""),"",IF(AND(INDEX(工程マスタ!$I:$I,$AG12)="○",$E12>=L$3,$E12<EDATE(L$3,1)),"▼","")) | M12: =IF(OR($AG12=0,M$3=""),"",IF(AND(INDEX(工程マスタ!$I:$I,$AG12)="○",$E12>=M$3,$E12<EDATE(M$3,1)),"▼","")) | N12: =IF(OR($AG12=0,N$3=""),"",IF(AND(INDEX(工程マスタ!$I:$I,$AG12)="○",$E12>=N$3,$E12<EDATE(N$3,1)),"▼","")) | O12: =IF(OR($AG12=0,O$3=""),"",IF(AND(INDEX(工程マスタ!$I:$I,$AG12)="○",$E12>=O$3,$E12<EDATE(O$3,1)),"▼","")) | ... AE12: =IF(OR($AG12=0,AE$3=""),"",IF(AND(INDEX(工程マスタ!$I:$I,$AG12)="○",$E12>=AE$3,$E12<EDATE(AE$3,1)),"▼","")) | AG12: {=IFERROR(SMALL(IF(工程マスタ!$K$5:$K$154>0,ROW(工程マスタ!$C$5:$C$154)),7),0)} -> 11 | AH12: =IF($AG12=0,0,INDEX(工程マスタ!$M:$M,$AG12)) -> 46230
A13: =IF($AG13=0,"",IF(INDEX(工程マスタ!$A:$A,$AG13)="","",INDEX(工程マスタ!$A:$A,$AG13))) -> 8 | B13: =IF($AG13=0,"",IF(INDEX(工程マスタ!$B:$B,$AG13)="","",INDEX(工程マスタ!$B:$B,$AG13))) -> 土工事・山留 | C13: =IF($AG13=0,"",IF(INDEX(工程マスタ!$C:$C,$AG13)="","",INDEX(工程マスタ!$C:$C,$AG13))) -> 根切り・掘削 | D13: =IF($AG13=0,"",IF(INDEX(工程マスタ!$D:$D,$AG13)="","",INDEX(工程マスタ!$D:$D,$AG13))) -> ▲▲土木 | E13: =IF($AG13=0,"",IF(INDEX(工程マスタ!$E:$E,$AG13)="","",INDEX(工程マスタ!$E:$E,$AG13))) -> 46237 | F13: =IF($AG13=0,"",IF(INDEX(工程マスタ!$F:$F,$AG13)="","",INDEX(工程マスタ!$F:$F,$AG13))) -> 46259 | G13: =IF($AG13=0,"",IF(INDEX(工程マスタ!$H:$H,$AG13)="","",INDEX(工程マスタ!$H:$H,$AG13))) -> 0 | H13: =IF(OR($AG13=0,H$3=""),"",IF(AND(INDEX(工程マスタ!$I:$I,$AG13)="○",$E13>=H$3,$E13<EDATE(H$3,1)),"▼","")) | I13: =IF(OR($AG13=0,I$3=""),"",IF(AND(INDEX(工程マスタ!$I:$I,$AG13)="○",$E13>=I$3,$E13<EDATE(I$3,1)),"▼","")) | J13: =IF(OR($AG13=0,J$3=""),"",IF(AND(INDEX(工程マスタ!$I:$I,$AG13)="○",$E13>=J$3,$E13<EDATE(J$3,1)),"▼","")) | K13: =IF(OR($AG13=0,K$3=""),"",IF(AND(INDEX(工程マスタ!$I:$I,$AG13)="○",$E13>=K$3,$E13<EDATE(K$3,1)),"▼","")) | L13: =IF(OR($AG13=0,L$3=""),"",IF(AND(INDEX(工程マスタ!$I:$I,$AG13)="○",$E13>=L$3,$E13<EDATE(L$3,1)),"▼","")) | M13: =IF(OR($AG13=0,M$3=""),"",IF(AND(INDEX(工程マスタ!$I:$I,$AG13)="○",$E13>=M$3,$E13<EDATE(M$3,1)),"▼","")) | N13: =IF(OR($AG13=0,N$3=""),"",IF(AND(INDEX(工程マスタ!$I:$I,$AG13)="○",$E13>=N$3,$E13<EDATE(N$3,1)),"▼","")) | O13: =IF(OR($AG13=0,O$3=""),"",IF(AND(INDEX(工程マスタ!$I:$I,$AG13)="○",$E13>=O$3,$E13<EDATE(O$3,1)),"▼","")) | ... AE13: =IF(OR($AG13=0,AE$3=""),"",IF(AND(INDEX(工程マスタ!$I:$I,$AG13)="○",$E13>=AE$3,$E13<EDATE(AE$3,1)),"▼","")) | AG13: {=IFERROR(SMALL(IF(工程マスタ!$K$5:$K$154>0,ROW(工程マスタ!$C$5:$C$154)),8),0)} -> 12 | AH13: =IF($AG13=0,0,INDEX(工程マスタ!$M:$M,$AG13)) -> 46237
A14: =IF($AG14=0,"",IF(INDEX(工程マスタ!$A:$A,$AG14)="","",INDEX(工程マスタ!$A:$A,$AG14))) -> 9 | B14: =IF($AG14=0,"",IF(INDEX(工程マスタ!$B:$B,$AG14)="","",INDEX(工程マスタ!$B:$B,$AG14))) -> 土工事・山留 | C14: =IF($AG14=0,"",IF(INDEX(工程マスタ!$C:$C,$AG14)="","",INDEX(工程マスタ!$C:$C,$AG14))) -> 床付け・捨てコンクリート | D14: =IF($AG14=0,"",IF(INDEX(工程マスタ!$D:$D,$AG14)="","",INDEX(工程マスタ!$D:$D,$AG14))) -> ▲▲土木 | E14: =IF($AG14=0,"",IF(INDEX(工程マスタ!$E:$E,$AG14)="","",INDEX(工程マスタ!$E:$E,$AG14))) -> 46258 | F14: =IF($AG14=0,"",IF(INDEX(工程マスタ!$F:$F,$AG14)="","",INDEX(工程マスタ!$F:$F,$AG14))) -> 46263 | G14: =IF($AG14=0,"",IF(INDEX(工程マスタ!$H:$H,$AG14)="","",INDEX(工程マスタ!$H:$H,$AG14))) -> 0 | H14: =IF(OR($AG14=0,H$3=""),"",IF(AND(INDEX(工程マスタ!$I:$I,$AG14)="○",$E14>=H$3,$E14<EDATE(H$3,1)),"▼","")) | I14: =IF(OR($AG14=0,I$3=""),"",IF(AND(INDEX(工程マスタ!$I:$I,$AG14)="○",$E14>=I$3,$E14<EDATE(I$3,1)),"▼","")) | J14: =IF(OR($AG14=0,J$3=""),"",IF(AND(INDEX(工程マスタ!$I:$I,$AG14)="○",$E14>=J$3,$E14<EDATE(J$3,1)),"▼","")) | K14: =IF(OR($AG14=0,K$3=""),"",IF(AND(INDEX(工程マスタ!$I:$I,$AG14)="○",$E14>=K$3,$E14<EDATE(K$3,1)),"▼","")) | L14: =IF(OR($AG14=0,L$3=""),"",IF(AND(INDEX(工程マスタ!$I:$I,$AG14)="○",$E14>=L$3,$E14<EDATE(L$3,1)),"▼","")) | M14: =IF(OR($AG14=0,M$3=""),"",IF(AND(INDEX(工程マスタ!$I:$I,$AG14)="○",$E14>=M$3,$E14<EDATE(M$3,1)),"▼","")) | N14: =IF(OR($AG14=0,N$3=""),"",IF(AND(INDEX(工程マスタ!$I:$I,$AG14)="○",$E14>=N$3,$E14<EDATE(N$3,1)),"▼","")) | O14: =IF(OR($AG14=0,O$3=""),"",IF(AND(INDEX(工程マスタ!$I:$I,$AG14)="○",$E14>=O$3,$E14<EDATE(O$3,1)),"▼","")) | ... AE14: =IF(OR($AG14=0,AE$3=""),"",IF(AND(INDEX(工程マスタ!$I:$I,$AG14)="○",$E14>=AE$3,$E14<EDATE(AE$3,1)),"▼","")) | AG14: {=IFERROR(SMALL(IF(工程マスタ!$K$5:$K$154>0,ROW(工程マスタ!$C$5:$C$154)),9),0)} -> 13 | AH14: =IF($AG14=0,0,INDEX(工程マスタ!$M:$M,$AG14)) -> 46258
A15: =IF($AG15=0,"",IF(INDEX(工程マスタ!$A:$A,$AG15)="","",INDEX(工程マスタ!$A:$A,$AG15))) -> 10 | B15: =IF($AG15=0,"",IF(INDEX(工程マスタ!$B:$B,$AG15)="","",INDEX(工程マスタ!$B:$B,$AG15))) -> 地業基礎工事 | C15: =IF($AG15=0,"",IF(INDEX(工程マスタ!$C:$C,$AG15)="","",INDEX(工程マスタ!$C:$C,$AG15))) -> 基礎配筋・型枠 | D15: =IF($AG15=0,"",IF(INDEX(工程マスタ!$D:$D,$AG15)="","",INDEX(工程マスタ!$D:$D,$AG15))) -> ◇◇建設 | E15: =IF($AG15=0,"",IF(INDEX(工程マスタ!$E:$E,$AG15)="","",INDEX(工程マスタ!$E:$E,$AG15))) -> 46265 | F15: =IF($AG15=0,"",IF(INDEX(工程マスタ!$F:$F,$AG15)="","",INDEX(工程マスタ!$F:$F,$AG15))) -> 46277 | G15: =IF($AG15=0,"",IF(INDEX(工程マスタ!$H:$H,$AG15)="","",INDEX(工程マスタ!$H:$H,$AG15))) -> 0 | H15: =IF(OR($AG15=0,H$3=""),"",IF(AND(INDEX(工程マスタ!$I:$I,$AG15)="○",$E15>=H$3,$E15<EDATE(H$3,1)),"▼","")) | I15: =IF(OR($AG15=0,I$3=""),"",IF(AND(INDEX(工程マスタ!$I:$I,$AG15)="○",$E15>=I$3,$E15<EDATE(I$3,1)),"▼","")) | J15: =IF(OR($AG15=0,J$3=""),"",IF(AND(INDEX(工程マスタ!$I:$I,$AG15)="○",$E15>=J$3,$E15<EDATE(J$3,1)),"▼","")) | K15: =IF(OR($AG15=0,K$3=""),"",IF(AND(INDEX(工程マスタ!$I:$I,$AG15)="○",$E15>=K$3,$E15<EDATE(K$3,1)),"▼","")) | L15: =IF(OR($AG15=0,L$3=""),"",IF(AND(INDEX(工程マスタ!$I:$I,$AG15)="○",$E15>=L$3,$E15<EDATE(L$3,1)),"▼","")) | M15: =IF(OR($AG15=0,M$3=""),"",IF(AND(INDEX(工程マスタ!$I:$I,$AG15)="○",$E15>=M$3,$E15<EDATE(M$3,1)),"▼","")) | N15: =IF(OR($AG15=0,N$3=""),"",IF(AND(INDEX(工程マスタ!$I:$I,$AG15)="○",$E15>=N$3,$E15<EDATE(N$3,1)),"▼","")) | O15: =IF(OR($AG15=0,O$3=""),"",IF(AND(INDEX(工程マスタ!$I:$I,$AG15)="○",$E15>=O$3,$E15<EDATE(O$3,1)),"▼","")) | ... AE15: =IF(OR($AG15=0,AE$3=""),"",IF(AND(INDEX(工程マスタ!$I:$I,$AG15)="○",$E15>=AE$3,$E15<EDATE(AE$3,1)),"▼","")) | AG15: {=IFERROR(SMALL(IF(工程マスタ!$K$5:$K$154>0,ROW(工程マスタ!$C$5:$C$154)),10),0)} -> 14 | AH15: =IF($AG15=0,0,INDEX(工程マスタ!$M:$M,$AG15)) -> 46265
A16: =IF($AG16=0,"",IF(INDEX(工程マスタ!$A:$A,$AG16)="","",INDEX(工程マスタ!$A:$A,$AG16))) -> 11 | B16: =IF($AG16=0,"",IF(INDEX(工程マスタ!$B:$B,$AG16)="","",INDEX(工程マスタ!$B:$B,$AG16))) -> 地業基礎工事 | C16: =IF($AG16=0,"",IF(INDEX(工程マスタ!$C:$C,$AG16)="","",INDEX(工程マスタ!$C:$C,$AG16))) -> 基礎コンクリート打設 | D16: =IF($AG16=0,"",IF(INDEX(工程マスタ!$D:$D,$AG16)="","",INDEX(工程マスタ!$D:$D,$AG16))) -> ◇◇建設 | E16: =IF($AG16=0,"",IF(INDEX(工程マスタ!$E:$E,$AG16)="","",INDEX(工程マスタ!$E:$E,$AG16))) -> 46279 | F16: =IF($AG16=0,"",IF(INDEX(工程マスタ!$F:$F,$AG16)="","",INDEX(工程マスタ!$F:$F,$AG16))) -> 46281 | G16: =IF($AG16=0,"",IF(INDEX(工程マスタ!$H:$H,$AG16)="","",INDEX(工程マスタ!$H:$H,$AG16))) -> 0 | H16: =IF(OR($AG16=0,H$3=""),"",IF(AND(INDEX(工程マスタ!$I:$I,$AG16)="○",$E16>=H$3,$E16<EDATE(H$3,1)),"▼","")) | I16: =IF(OR($AG16=0,I$3=""),"",IF(AND(INDEX(工程マスタ!$I:$I,$AG16)="○",$E16>=I$3,$E16<EDATE(I$3,1)),"▼","")) | J16: =IF(OR($AG16=0,J$3=""),"",IF(AND(INDEX(工程マスタ!$I:$I,$AG16)="○",$E16>=J$3,$E16<EDATE(J$3,1)),"▼","")) | K16: =IF(OR($AG16=0,K$3=""),"",IF(AND(INDEX(工程マスタ!$I:$I,$AG16)="○",$E16>=K$3,$E16<EDATE(K$3,1)),"▼","")) | L16: =IF(OR($AG16=0,L$3=""),"",IF(AND(INDEX(工程マスタ!$I:$I,$AG16)="○",$E16>=L$3,$E16<EDATE(L$3,1)),"▼","")) | M16: =IF(OR($AG16=0,M$3=""),"",IF(AND(INDEX(工程マスタ!$I:$I,$AG16)="○",$E16>=M$3,$E16<EDATE(M$3,1)),"▼","")) | N16: =IF(OR($AG16=0,N$3=""),"",IF(AND(INDEX(工程マスタ!$I:$I,$AG16)="○",$E16>=N$3,$E16<EDATE(N$3,1)),"▼","")) | O16: =IF(OR($AG16=0,O$3=""),"",IF(AND(INDEX(工程マスタ!$I:$I,$AG16)="○",$E16>=O$3,$E16<EDATE(O$3,1)),"▼","")) | ... AE16: =IF(OR($AG16=0,AE$3=""),"",IF(AND(INDEX(工程マスタ!$I:$I,$AG16)="○",$E16>=AE$3,$E16<EDATE(AE$3,1)),"▼","")) | AG16: {=IFERROR(SMALL(IF(工程マスタ!$K$5:$K$154>0,ROW(工程マスタ!$C$5:$C$154)),11),0)} -> 15 | AH16: =IF($AG16=0,0,INDEX(工程マスタ!$M:$M,$AG16)) -> 46279
A17: =IF($AG17=0,"",IF(INDEX(工程マスタ!$A:$A,$AG17)="","",INDEX(工程マスタ!$A:$A,$AG17))) -> 12 | B17: =IF($AG17=0,"",IF(INDEX(工程マスタ!$B:$B,$AG17)="","",INDEX(工程マスタ!$B:$B,$AG17))) -> 地業基礎工事 | C17: =IF($AG17=0,"",IF(INDEX(工程マスタ!$C:$C,$AG17)="","",INDEX(工程マスタ!$C:$C,$AG17))) -> 養生・埋戻し | D17: =IF($AG17=0,"",IF(INDEX(工程マスタ!$D:$D,$AG17)="","",INDEX(工程マスタ!$D:$D,$AG17))) -> ▲▲土木 | E17: =IF($AG17=0,"",IF(INDEX(工程マスタ!$E:$E,$AG17)="","",INDEX(工程マスタ!$E:$E,$AG17))) -> 46282 | F17: =IF($AG17=0,"",IF(INDEX(工程マスタ!$F:$F,$AG17)="","",INDEX(工程マスタ!$F:$F,$AG17))) -> 46291 | G17: =IF($AG17=0,"",IF(INDEX(工程マスタ!$H:$H,$AG17)="","",INDEX(工程マスタ!$H:$H,$AG17))) -> 0 | H17: =IF(OR($AG17=0,H$3=""),"",IF(AND(INDEX(工程マスタ!$I:$I,$AG17)="○",$E17>=H$3,$E17<EDATE(H$3,1)),"▼","")) | I17: =IF(OR($AG17=0,I$3=""),"",IF(AND(INDEX(工程マスタ!$I:$I,$AG17)="○",$E17>=I$3,$E17<EDATE(I$3,1)),"▼","")) | J17: =IF(OR($AG17=0,J$3=""),"",IF(AND(INDEX(工程マスタ!$I:$I,$AG17)="○",$E17>=J$3,$E17<EDATE(J$3,1)),"▼","")) | K17: =IF(OR($AG17=0,K$3=""),"",IF(AND(INDEX(工程マスタ!$I:$I,$AG17)="○",$E17>=K$3,$E17<EDATE(K$3,1)),"▼","")) | L17: =IF(OR($AG17=0,L$3=""),"",IF(AND(INDEX(工程マスタ!$I:$I,$AG17)="○",$E17>=L$3,$E17<EDATE(L$3,1)),"▼","")) | M17: =IF(OR($AG17=0,M$3=""),"",IF(AND(INDEX(工程マスタ!$I:$I,$AG17)="○",$E17>=M$3,$E17<EDATE(M$3,1)),"▼","")) | N17: =IF(OR($AG17=0,N$3=""),"",IF(AND(INDEX(工程マスタ!$I:$I,$AG17)="○",$E17>=N$3,$E17<EDATE(N$3,1)),"▼","")) | O17: =IF(OR($AG17=0,O$3=""),"",IF(AND(INDEX(工程マスタ!$I:$I,$AG17)="○",$E17>=O$3,$E17<EDATE(O$3,1)),"▼","")) | ... AE17: =IF(OR($AG17=0,AE$3=""),"",IF(AND(INDEX(工程マスタ!$I:$I,$AG17)="○",$E17>=AE$3,$E17<EDATE(AE$3,1)),"▼","")) | AG17: {=IFERROR(SMALL(IF(工程マスタ!$K$5:$K$154>0,ROW(工程マスタ!$C$5:$C$154)),12),0)} -> 16 | AH17: =IF($AG17=0,0,INDEX(工程マスタ!$M:$M,$AG17)) -> 46282
A18: =IF($AG18=0,"",IF(INDEX(工程マスタ!$A:$A,$AG18)="","",INDEX(工程マスタ!$A:$A,$AG18))) -> 13 | B18: =IF($AG18=0,"",IF(INDEX(工程マスタ!$B:$B,$AG18)="","",INDEX(工程マスタ!$B:$B,$AG18))) -> 躯体工事 | C18: =IF($AG18=0,"",IF(INDEX(工程マスタ!$C:$C,$AG18)="","",INDEX(工程マスタ!$C:$C,$AG18))) -> 鉄骨製作(工場) | D18: =IF($AG18=0,"",IF(INDEX(工程マスタ!$D:$D,$AG18)="","",INDEX(工程マスタ!$D:$D,$AG18))) -> ☆☆鉄工所 | E18: =IF($AG18=0,"",IF(INDEX(工程マスタ!$E:$E,$AG18)="","",INDEX(工程マスタ!$E:$E,$AG18))) -> 46237 | F18: =IF($AG18=0,"",IF(INDEX(工程マスタ!$F:$F,$AG18)="","",INDEX(工程マスタ!$F:$F,$AG18))) -> 46290 | G18: =IF($AG18=0,"",IF(INDEX(工程マスタ!$H:$H,$AG18)="","",INDEX(工程マスタ!$H:$H,$AG18))) -> 0 | H18: =IF(OR($AG18=0,H$3=""),"",IF(AND(INDEX(工程マスタ!$I:$I,$AG18)="○",$E18>=H$3,$E18<EDATE(H$3,1)),"▼","")) | I18: =IF(OR($AG18=0,I$3=""),"",IF(AND(INDEX(工程マスタ!$I:$I,$AG18)="○",$E18>=I$3,$E18<EDATE(I$3,1)),"▼","")) | J18: =IF(OR($AG18=0,J$3=""),"",IF(AND(INDEX(工程マスタ!$I:$I,$AG18)="○",$E18>=J$3,$E18<EDATE(J$3,1)),"▼","")) | K18: =IF(OR($AG18=0,K$3=""),"",IF(AND(INDEX(工程マスタ!$I:$I,$AG18)="○",$E18>=K$3,$E18<EDATE(K$3,1)),"▼","")) | L18: =IF(OR($AG18=0,L$3=""),"",IF(AND(INDEX(工程マスタ!$I:$I,$AG18)="○",$E18>=L$3,$E18<EDATE(L$3,1)),"▼","")) | M18: =IF(OR($AG18=0,M$3=""),"",IF(AND(INDEX(工程マスタ!$I:$I,$AG18)="○",$E18>=M$3,$E18<EDATE(M$3,1)),"▼","")) | N18: =IF(OR($AG18=0,N$3=""),"",IF(AND(INDEX(工程マスタ!$I:$I,$AG18)="○",$E18>=N$3,$E18<EDATE(N$3,1)),"▼","")) | O18: =IF(OR($AG18=0,O$3=""),"",IF(AND(INDEX(工程マスタ!$I:$I,$AG18)="○",$E18>=O$3,$E18<EDATE(O$3,1)),"▼","")) | ... AE18: =IF(OR($AG18=0,AE$3=""),"",IF(AND(INDEX(工程マスタ!$I:$I,$AG18)="○",$E18>=AE$3,$E18<EDATE(AE$3,1)),"▼","")) | AG18: {=IFERROR(SMALL(IF(工程マスタ!$K$5:$K$154>0,ROW(工程マスタ!$C$5:$C$154)),13),0)} -> 17 | AH18: =IF($AG18=0,0,INDEX(工程マスタ!$M:$M,$AG18)) -> 46237
A19: =IF($AG19=0,"",IF(INDEX(工程マスタ!$A:$A,$AG19)="","",INDEX(工程マスタ!$A:$A,$AG19))) -> 14 | B19: =IF($AG19=0,"",IF(INDEX(工程マスタ!$B:$B,$AG19)="","",INDEX(工程マスタ!$B:$B,$AG19))) -> マイルストーン | C19: =IF($AG19=0,"",IF(INDEX(工程マスタ!$C:$C,$AG19)="","",INDEX(工程マスタ!$C:$C,$AG19))) -> 鉄骨建方開始 | D19: =IF($AG19=0,"",IF(INDEX(工程マスタ!$D:$D,$AG19)="","",INDEX(工程マスタ!$D:$D,$AG19))) | E19: =IF($AG19=0,"",IF(INDEX(工程マスタ!$E:$E,$AG19)="","",INDEX(工程マスタ!$E:$E,$AG19))) -> 46293 | F19: =IF($AG19=0,"",IF(INDEX(工程マスタ!$F:$F,$AG19)="","",INDEX(工程マスタ!$F:$F,$AG19))) -> 46293 | G19: =IF($AG19=0,"",IF(INDEX(工程マスタ!$H:$H,$AG19)="","",INDEX(工程マスタ!$H:$H,$AG19))) | H19: =IF(OR($AG19=0,H$3=""),"",IF(AND(INDEX(工程マスタ!$I:$I,$AG19)="○",$E19>=H$3,$E19<EDATE(H$3,1)),"▼","")) | I19: =IF(OR($AG19=0,I$3=""),"",IF(AND(INDEX(工程マスタ!$I:$I,$AG19)="○",$E19>=I$3,$E19<EDATE(I$3,1)),"▼","")) | J19: =IF(OR($AG19=0,J$3=""),"",IF(AND(INDEX(工程マスタ!$I:$I,$AG19)="○",$E19>=J$3,$E19<EDATE(J$3,1)),"▼","")) -> ▼ | K19: =IF(OR($AG19=0,K$3=""),"",IF(AND(INDEX(工程マスタ!$I:$I,$AG19)="○",$E19>=K$3,$E19<EDATE(K$3,1)),"▼","")) | L19: =IF(OR($AG19=0,L$3=""),"",IF(AND(INDEX(工程マスタ!$I:$I,$AG19)="○",$E19>=L$3,$E19<EDATE(L$3,1)),"▼","")) | M19: =IF(OR($AG19=0,M$3=""),"",IF(AND(INDEX(工程マスタ!$I:$I,$AG19)="○",$E19>=M$3,$E19<EDATE(M$3,1)),"▼","")) | N19: =IF(OR($AG19=0,N$3=""),"",IF(AND(INDEX(工程マスタ!$I:$I,$AG19)="○",$E19>=N$3,$E19<EDATE(N$3,1)),"▼","")) | O19: =IF(OR($AG19=0,O$3=""),"",IF(AND(INDEX(工程マスタ!$I:$I,$AG19)="○",$E19>=O$3,$E19<EDATE(O$3,1)),"▼","")) | ... AE19: =IF(OR($AG19=0,AE$3=""),"",IF(AND(INDEX(工程マスタ!$I:$I,$AG19)="○",$E19>=AE$3,$E19<EDATE(AE$3,1)),"▼","")) | AG19: {=IFERROR(SMALL(IF(工程マスタ!$K$5:$K$154>0,ROW(工程マスタ!$C$5:$C$154)),14),0)} -> 18 | AH19: =IF($AG19=0,0,INDEX(工程マスタ!$M:$M,$AG19)) -> 46293
A20: =IF($AG20=0,"",IF(INDEX(工程マスタ!$A:$A,$AG20)="","",INDEX(工程マスタ!$A:$A,$AG20))) -> 15 | B20: =IF($AG20=0,"",IF(INDEX(工程マスタ!$B:$B,$AG20)="","",INDEX(工程マスタ!$B:$B,$AG20))) -> 仮設工事 | C20: =IF($AG20=0,"",IF(INDEX(工程マスタ!$C:$C,$AG20)="","",INDEX(工程マスタ!$C:$C,$AG20))) -> 外部足場組立 | D20: =IF($AG20=0,"",IF(INDEX(工程マスタ!$D:$D,$AG20)="","",INDEX(工程マスタ!$D:$D,$AG20))) -> ○○仮設工業 | E20: =IF($AG20=0,"",IF(INDEX(工程マスタ!$E:$E,$AG20)="","",INDEX(工程マスタ!$E:$E,$AG20))) -> 46289 | F20: =IF($AG20=0,"",IF(INDEX(工程マスタ!$F:$F,$AG20)="","",INDEX(工程マスタ!$F:$F,$AG20))) -> 46301 | G20: =IF($AG20=0,"",IF(INDEX(工程マスタ!$H:$H,$AG20)="","",INDEX(工程マスタ!$H:$H,$AG20))) -> 0 | H20: =IF(OR($AG20=0,H$3=""),"",IF(AND(INDEX(工程マスタ!$I:$I,$AG20)="○",$E20>=H$3,$E20<EDATE(H$3,1)),"▼","")) | I20: =IF(OR($AG20=0,I$3=""),"",IF(AND(INDEX(工程マスタ!$I:$I,$AG20)="○",$E20>=I$3,$E20<EDATE(I$3,1)),"▼","")) | J20: =IF(OR($AG20=0,J$3=""),"",IF(AND(INDEX(工程マスタ!$I:$I,$AG20)="○",$E20>=J$3,$E20<EDATE(J$3,1)),"▼","")) | K20: =IF(OR($AG20=0,K$3=""),"",IF(AND(INDEX(工程マスタ!$I:$I,$AG20)="○",$E20>=K$3,$E20<EDATE(K$3,1)),"▼","")) | L20: =IF(OR($AG20=0,L$3=""),"",IF(AND(INDEX(工程マスタ!$I:$I,$AG20)="○",$E20>=L$3,$E20<EDATE(L$3,1)),"▼","")) | M20: =IF(OR($AG20=0,M$3=""),"",IF(AND(INDEX(工程マスタ!$I:$I,$AG20)="○",$E20>=M$3,$E20<EDATE(M$3,1)),"▼","")) | N20: =IF(OR($AG20=0,N$3=""),"",IF(AND(INDEX(工程マスタ!$I:$I,$AG20)="○",$E20>=N$3,$E20<EDATE(N$3,1)),"▼","")) | O20: =IF(OR($AG20=0,O$3=""),"",IF(AND(INDEX(工程マスタ!$I:$I,$AG20)="○",$E20>=O$3,$E20<EDATE(O$3,1)),"▼","")) | ... AE20: =IF(OR($AG20=0,AE$3=""),"",IF(AND(INDEX(工程マスタ!$I:$I,$AG20)="○",$E20>=AE$3,$E20<EDATE(AE$3,1)),"▼","")) | AG20: {=IFERROR(SMALL(IF(工程マスタ!$K$5:$K$154>0,ROW(工程マスタ!$C$5:$C$154)),15),0)} -> 19 | AH20: =IF($AG20=0,0,INDEX(工程マスタ!$M:$M,$AG20)) -> 46289
A21: =IF($AG21=0,"",IF(INDEX(工程マスタ!$A:$A,$AG21)="","",INDEX(工程マスタ!$A:$A,$AG21))) -> 16 | B21: =IF($AG21=0,"",IF(INDEX(工程マスタ!$B:$B,$AG21)="","",INDEX(工程マスタ!$B:$B,$AG21))) -> 躯体工事 | C21: =IF($AG21=0,"",IF(INDEX(工程マスタ!$C:$C,$AG21)="","",INDEX(工程マスタ!$C:$C,$AG21))) -> 鉄骨建方 | D21: =IF($AG21=0,"",IF(INDEX(工程マスタ!$D:$D,$AG21)="","",INDEX(工程マスタ!$D:$D,$AG21))) -> ☆☆鉄工所 | E21: =IF($AG21=0,"",IF(INDEX(工程マスタ!$E:$E,$AG21)="","",INDEX(工程マスタ!$E:$E,$AG21))) -> 46293 | F21: =IF($AG21=0,"",IF(INDEX(工程マスタ!$F:$F,$AG21)="","",INDEX(工程マスタ!$F:$F,$AG21))) -> 46318 | G21: =IF($AG21=0,"",IF(INDEX(工程マスタ!$H:$H,$AG21)="","",INDEX(工程マスタ!$H:$H,$AG21))) -> 0 | H21: =IF(OR($AG21=0,H$3=""),"",IF(AND(INDEX(工程マスタ!$I:$I,$AG21)="○",$E21>=H$3,$E21<EDATE(H$3,1)),"▼","")) | I21: =IF(OR($AG21=0,I$3=""),"",IF(AND(INDEX(工程マスタ!$I:$I,$AG21)="○",$E21>=I$3,$E21<EDATE(I$3,1)),"▼","")) | J21: =IF(OR($AG21=0,J$3=""),"",IF(AND(INDEX(工程マスタ!$I:$I,$AG21)="○",$E21>=J$3,$E21<EDATE(J$3,1)),"▼","")) | K21: =IF(OR($AG21=0,K$3=""),"",IF(AND(INDEX(工程マスタ!$I:$I,$AG21)="○",$E21>=K$3,$E21<EDATE(K$3,1)),"▼","")) | L21: =IF(OR($AG21=0,L$3=""),"",IF(AND(INDEX(工程マスタ!$I:$I,$AG21)="○",$E21>=L$3,$E21<EDATE(L$3,1)),"▼","")) | M21: =IF(OR($AG21=0,M$3=""),"",IF(AND(INDEX(工程マスタ!$I:$I,$AG21)="○",$E21>=M$3,$E21<EDATE(M$3,1)),"▼","")) | N21: =IF(OR($AG21=0,N$3=""),"",IF(AND(INDEX(工程マスタ!$I:$I,$AG21)="○",$E21>=N$3,$E21<EDATE(N$3,1)),"▼","")) | O21: =IF(OR($AG21=0,O$3=""),"",IF(AND(INDEX(工程マスタ!$I:$I,$AG21)="○",$E21>=O$3,$E21<EDATE(O$3,1)),"▼","")) | ... AE21: =IF(OR($AG21=0,AE$3=""),"",IF(AND(INDEX(工程マスタ!$I:$I,$AG21)="○",$E21>=AE$3,$E21<EDATE(AE$3,1)),"▼","")) | AG21: {=IFERROR(SMALL(IF(工程マスタ!$K$5:$K$154>0,ROW(工程マスタ!$C$5:$C$154)),16),0)} -> 20 | AH21: =IF($AG21=0,0,INDEX(工程マスタ!$M:$M,$AG21)) -> 46293
A22: =IF($AG22=0,"",IF(INDEX(工程マスタ!$A:$A,$AG22)="","",INDEX(工程マスタ!$A:$A,$AG22))) -> 17 | B22: =IF($AG22=0,"",IF(INDEX(工程マスタ!$B:$B,$AG22)="","",INDEX(工程マスタ!$B:$B,$AG22))) -> マイルストーン | C22: =IF($AG22=0,"",IF(INDEX(工程マスタ!$C:$C,$AG22)="","",INDEX(工程マスタ!$C:$C,$AG22))) -> 上棟 | D22: =IF($AG22=0,"",IF(INDEX(工程マスタ!$D:$D,$AG22)="","",INDEX(工程マスタ!$D:$D,$AG22))) | E22: =IF($AG22=0,"",IF(INDEX(工程マスタ!$E:$E,$AG22)="","",INDEX(工程マスタ!$E:$E,$AG22))) -> 46318 | F22: =IF($AG22=0,"",IF(INDEX(工程マスタ!$F:$F,$AG22)="","",INDEX(工程マスタ!$F:$F,$AG22))) -> 46318 | G22: =IF($AG22=0,"",IF(INDEX(工程マスタ!$H:$H,$AG22)="","",INDEX(工程マスタ!$H:$H,$AG22))) | H22: =IF(OR($AG22=0,H$3=""),"",IF(AND(INDEX(工程マスタ!$I:$I,$AG22)="○",$E22>=H$3,$E22<EDATE(H$3,1)),"▼","")) | I22: =IF(OR($AG22=0,I$3=""),"",IF(AND(INDEX(工程マスタ!$I:$I,$AG22)="○",$E22>=I$3,$E22<EDATE(I$3,1)),"▼","")) | J22: =IF(OR($AG22=0,J$3=""),"",IF(AND(INDEX(工程マスタ!$I:$I,$AG22)="○",$E22>=J$3,$E22<EDATE(J$3,1)),"▼","")) | K22: =IF(OR($AG22=0,K$3=""),"",IF(AND(INDEX(工程マスタ!$I:$I,$AG22)="○",$E22>=K$3,$E22<EDATE(K$3,1)),"▼","")) -> ▼ | L22: =IF(OR($AG22=0,L$3=""),"",IF(AND(INDEX(工程マスタ!$I:$I,$AG22)="○",$E22>=L$3,$E22<EDATE(L$3,1)),"▼","")) | M22: =IF(OR($AG22=0,M$3=""),"",IF(AND(INDEX(工程マスタ!$I:$I,$AG22)="○",$E22>=M$3,$E22<EDATE(M$3,1)),"▼","")) | N22: =IF(OR($AG22=0,N$3=""),"",IF(AND(INDEX(工程マスタ!$I:$I,$AG22)="○",$E22>=N$3,$E22<EDATE(N$3,1)),"▼","")) | O22: =IF(OR($AG22=0,O$3=""),"",IF(AND(INDEX(工程マスタ!$I:$I,$AG22)="○",$E22>=O$3,$E22<EDATE(O$3,1)),"▼","")) | ... AE22: =IF(OR($AG22=0,AE$3=""),"",IF(AND(INDEX(工程マスタ!$I:$I,$AG22)="○",$E22>=AE$3,$E22<EDATE(AE$3,1)),"▼","")) | AG22: {=IFERROR(SMALL(IF(工程マスタ!$K$5:$K$154>0,ROW(工程マスタ!$C$5:$C$154)),17),0)} -> 21 | AH22: =IF($AG22=0,0,INDEX(工程マスタ!$M:$M,$AG22)) -> 46318
A23: =IF($AG23=0,"",IF(INDEX(工程マスタ!$A:$A,$AG23)="","",INDEX(工程マスタ!$A:$A,$AG23))) -> 18 | B23: =IF($AG23=0,"",IF(INDEX(工程マスタ!$B:$B,$AG23)="","",INDEX(工程マスタ!$B:$B,$AG23))) -> 躯体工事 | C23: =IF($AG23=0,"",IF(INDEX(工程マスタ!$C:$C,$AG23)="","",INDEX(工程マスタ!$C:$C,$AG23))) -> 本締め・建入れ検査 | D23: =IF($AG23=0,"",IF(INDEX(工程マスタ!$D:$D,$AG23)="","",INDEX(工程マスタ!$D:$D,$AG23))) -> ☆☆鉄工所 | E23: =IF($AG23=0,"",IF(INDEX(工程マスタ!$E:$E,$AG23)="","",INDEX(工程マスタ!$E:$E,$AG23))) -> 46321 | F23: =IF($AG23=0,"",IF(INDEX(工程マスタ!$F:$F,$AG23)="","",INDEX(工程マスタ!$F:$F,$AG23))) -> 46332 | G23: =IF($AG23=0,"",IF(INDEX(工程マスタ!$H:$H,$AG23)="","",INDEX(工程マスタ!$H:$H,$AG23))) -> 0 | H23: =IF(OR($AG23=0,H$3=""),"",IF(AND(INDEX(工程マスタ!$I:$I,$AG23)="○",$E23>=H$3,$E23<EDATE(H$3,1)),"▼","")) | I23: =IF(OR($AG23=0,I$3=""),"",IF(AND(INDEX(工程マスタ!$I:$I,$AG23)="○",$E23>=I$3,$E23<EDATE(I$3,1)),"▼","")) | J23: =IF(OR($AG23=0,J$3=""),"",IF(AND(INDEX(工程マスタ!$I:$I,$AG23)="○",$E23>=J$3,$E23<EDATE(J$3,1)),"▼","")) | K23: =IF(OR($AG23=0,K$3=""),"",IF(AND(INDEX(工程マスタ!$I:$I,$AG23)="○",$E23>=K$3,$E23<EDATE(K$3,1)),"▼","")) | L23: =IF(OR($AG23=0,L$3=""),"",IF(AND(INDEX(工程マスタ!$I:$I,$AG23)="○",$E23>=L$3,$E23<EDATE(L$3,1)),"▼","")) | M23: =IF(OR($AG23=0,M$3=""),"",IF(AND(INDEX(工程マスタ!$I:$I,$AG23)="○",$E23>=M$3,$E23<EDATE(M$3,1)),"▼","")) | N23: =IF(OR($AG23=0,N$3=""),"",IF(AND(INDEX(工程マスタ!$I:$I,$AG23)="○",$E23>=N$3,$E23<EDATE(N$3,1)),"▼","")) | O23: =IF(OR($AG23=0,O$3=""),"",IF(AND(INDEX(工程マスタ!$I:$I,$AG23)="○",$E23>=O$3,$E23<EDATE(O$3,1)),"▼","")) | ... AE23: =IF(OR($AG23=0,AE$3=""),"",IF(AND(INDEX(工程マスタ!$I:$I,$AG23)="○",$E23>=AE$3,$E23<EDATE(AE$3,1)),"▼","")) | AG23: {=IFERROR(SMALL(IF(工程マスタ!$K$5:$K$154>0,ROW(工程マスタ!$C$5:$C$154)),18),0)} -> 22 | AH23: =IF($AG23=0,0,INDEX(工程マスタ!$M:$M,$AG23)) -> 46321
A24: =IF($AG24=0,"",IF(INDEX(工程マスタ!$A:$A,$AG24)="","",INDEX(工程マスタ!$A:$A,$AG24))) -> 19 | B24: =IF($AG24=0,"",IF(INDEX(工程マスタ!$B:$B,$AG24)="","",INDEX(工程マスタ!$B:$B,$AG24))) -> 躯体工事 | C24: =IF($AG24=0,"",IF(INDEX(工程マスタ!$C:$C,$AG24)="","",INDEX(工程マスタ!$C:$C,$AG24))) -> デッキ・スタッド溶接 | D24: =IF($AG24=0,"",IF(INDEX(工程マスタ!$D:$D,$AG24)="","",INDEX(工程マスタ!$D:$D,$AG24))) -> ☆☆鉄工所 | E24: =IF($AG24=0,"",IF(INDEX(工程マスタ!$E:$E,$AG24)="","",INDEX(工程マスタ!$E:$E,$AG24))) -> 46314 | F24: =IF($AG24=0,"",IF(INDEX(工程マスタ!$F:$F,$AG24)="","",INDEX(工程マスタ!$F:$F,$AG24))) -> 46339 | G24: =IF($AG24=0,"",IF(INDEX(工程マスタ!$H:$H,$AG24)="","",INDEX(工程マスタ!$H:$H,$AG24))) -> 0 | H24: =IF(OR($AG24=0,H$3=""),"",IF(AND(INDEX(工程マスタ!$I:$I,$AG24)="○",$E24>=H$3,$E24<EDATE(H$3,1)),"▼","")) | I24: =IF(OR($AG24=0,I$3=""),"",IF(AND(INDEX(工程マスタ!$I:$I,$AG24)="○",$E24>=I$3,$E24<EDATE(I$3,1)),"▼","")) | J24: =IF(OR($AG24=0,J$3=""),"",IF(AND(INDEX(工程マスタ!$I:$I,$AG24)="○",$E24>=J$3,$E24<EDATE(J$3,1)),"▼","")) | K24: =IF(OR($AG24=0,K$3=""),"",IF(AND(INDEX(工程マスタ!$I:$I,$AG24)="○",$E24>=K$3,$E24<EDATE(K$3,1)),"▼","")) | L24: =IF(OR($AG24=0,L$3=""),"",IF(AND(INDEX(工程マスタ!$I:$I,$AG24)="○",$E24>=L$3,$E24<EDATE(L$3,1)),"▼","")) | M24: =IF(OR($AG24=0,M$3=""),"",IF(AND(INDEX(工程マスタ!$I:$I,$AG24)="○",$E24>=M$3,$E24<EDATE(M$3,1)),"▼","")) | N24: =IF(OR($AG24=0,N$3=""),"",IF(AND(INDEX(工程マスタ!$I:$I,$AG24)="○",$E24>=N$3,$E24<EDATE(N$3,1)),"▼","")) | O24: =IF(OR($AG24=0,O$3=""),"",IF(AND(INDEX(工程マスタ!$I:$I,$AG24)="○",$E24>=O$3,$E24<EDATE(O$3,1)),"▼","")) | ... AE24: =IF(OR($AG24=0,AE$3=""),"",IF(AND(INDEX(工程マスタ!$I:$I,$AG24)="○",$E24>=AE$3,$E24<EDATE(AE$3,1)),"▼","")) | AG24: {=IFERROR(SMALL(IF(工程マスタ!$K$5:$K$154>0,ROW(工程マスタ!$C$5:$C$154)),19),0)} -> 23 | AH24: =IF($AG24=0,0,INDEX(工程マスタ!$M:$M,$AG24)) -> 46314
A25: =IF($AG25=0,"",IF(INDEX(工程マスタ!$A:$A,$AG25)="","",INDEX(工程マスタ!$A:$A,$AG25))) -> 20 | B25: =IF($AG25=0,"",IF(INDEX(工程マスタ!$B:$B,$AG25)="","",INDEX(工程マスタ!$B:$B,$AG25))) -> 躯体工事 | C25: =IF($AG25=0,"",IF(INDEX(工程マスタ!$C:$C,$AG25)="","",INDEX(工程マスタ!$C:$C,$AG25))) -> 床コンクリート打設 | D25: =IF($AG25=0,"",IF(INDEX(工程マスタ!$D:$D,$AG25)="","",INDEX(工程マスタ!$D:$D,$AG25))) -> ◇◇建設 | E25: =IF($AG25=0,"",IF(INDEX(工程マスタ!$E:$E,$AG25)="","",INDEX(工程マスタ!$E:$E,$AG25))) -> 46335 | F25: =IF($AG25=0,"",IF(INDEX(工程マスタ!$F:$F,$AG25)="","",INDEX(工程マスタ!$F:$F,$AG25))) -> 46353 | G25: =IF($AG25=0,"",IF(INDEX(工程マスタ!$H:$H,$AG25)="","",INDEX(工程マスタ!$H:$H,$AG25))) -> 0 | H25: =IF(OR($AG25=0,H$3=""),"",IF(AND(INDEX(工程マスタ!$I:$I,$AG25)="○",$E25>=H$3,$E25<EDATE(H$3,1)),"▼","")) | I25: =IF(OR($AG25=0,I$3=""),"",IF(AND(INDEX(工程マスタ!$I:$I,$AG25)="○",$E25>=I$3,$E25<EDATE(I$3,1)),"▼","")) | J25: =IF(OR($AG25=0,J$3=""),"",IF(AND(INDEX(工程マスタ!$I:$I,$AG25)="○",$E25>=J$3,$E25<EDATE(J$3,1)),"▼","")) | K25: =IF(OR($AG25=0,K$3=""),"",IF(AND(INDEX(工程マスタ!$I:$I,$AG25)="○",$E25>=K$3,$E25<EDATE(K$3,1)),"▼","")) | L25: =IF(OR($AG25=0,L$3=""),"",IF(AND(INDEX(工程マスタ!$I:$I,$AG25)="○",$E25>=L$3,$E25<EDATE(L$3,1)),"▼","")) | M25: =IF(OR($AG25=0,M$3=""),"",IF(AND(INDEX(工程マスタ!$I:$I,$AG25)="○",$E25>=M$3,$E25<EDATE(M$3,1)),"▼","")) | N25: =IF(OR($AG25=0,N$3=""),"",IF(AND(INDEX(工程マスタ!$I:$I,$AG25)="○",$E25>=N$3,$E25<EDATE(N$3,1)),"▼","")) | O25: =IF(OR($AG25=0,O$3=""),"",IF(AND(INDEX(工程マスタ!$I:$I,$AG25)="○",$E25>=O$3,$E25<EDATE(O$3,1)),"▼","")) | ... AE25: =IF(OR($AG25=0,AE$3=""),"",IF(AND(INDEX(工程マスタ!$I:$I,$AG25)="○",$E25>=AE$3,$E25<EDATE(AE$3,1)),"▼","")) | AG25: {=IFERROR(SMALL(IF(工程マスタ!$K$5:$K$154>0,ROW(工程マスタ!$C$5:$C$154)),20),0)} -> 24 | AH25: =IF($AG25=0,0,INDEX(工程マスタ!$M:$M,$AG25)) -> 46335
A26: =IF($AG26=0,"",IF(INDEX(工程マスタ!$A:$A,$AG26)="","",INDEX(工程マスタ!$A:$A,$AG26))) -> 21 | B26: =IF($AG26=0,"",IF(INDEX(工程マスタ!$B:$B,$AG26)="","",INDEX(工程マスタ!$B:$B,$AG26))) -> 外装工事 | C26: =IF($AG26=0,"",IF(INDEX(工程マスタ!$C:$C,$AG26)="","",INDEX(工程マスタ!$C:$C,$AG26))) -> 屋根・屋上防水 | D26: =IF($AG26=0,"",IF(INDEX(工程マスタ!$D:$D,$AG26)="","",INDEX(工程マスタ!$D:$D,$AG26))) -> ●●防水 | E26: =IF($AG26=0,"",IF(INDEX(工程マスタ!$E:$E,$AG26)="","",INDEX(工程マスタ!$E:$E,$AG26))) -> 46350 | F26: =IF($AG26=0,"",IF(INDEX(工程マスタ!$F:$F,$AG26)="","",INDEX(工程マスタ!$F:$F,$AG26))) -> 46374 | G26: =IF($AG26=0,"",IF(INDEX(工程マスタ!$H:$H,$AG26)="","",INDEX(工程マスタ!$H:$H,$AG26))) -> 0 | H26: =IF(OR($AG26=0,H$3=""),"",IF(AND(INDEX(工程マスタ!$I:$I,$AG26)="○",$E26>=H$3,$E26<EDATE(H$3,1)),"▼","")) | I26: =IF(OR($AG26=0,I$3=""),"",IF(AND(INDEX(工程マスタ!$I:$I,$AG26)="○",$E26>=I$3,$E26<EDATE(I$3,1)),"▼","")) | J26: =IF(OR($AG26=0,J$3=""),"",IF(AND(INDEX(工程マスタ!$I:$I,$AG26)="○",$E26>=J$3,$E26<EDATE(J$3,1)),"▼","")) | K26: =IF(OR($AG26=0,K$3=""),"",IF(AND(INDEX(工程マスタ!$I:$I,$AG26)="○",$E26>=K$3,$E26<EDATE(K$3,1)),"▼","")) | L26: =IF(OR($AG26=0,L$3=""),"",IF(AND(INDEX(工程マスタ!$I:$I,$AG26)="○",$E26>=L$3,$E26<EDATE(L$3,1)),"▼","")) | M26: =IF(OR($AG26=0,M$3=""),"",IF(AND(INDEX(工程マスタ!$I:$I,$AG26)="○",$E26>=M$3,$E26<EDATE(M$3,1)),"▼","")) | N26: =IF(OR($AG26=0,N$3=""),"",IF(AND(INDEX(工程マスタ!$I:$I,$AG26)="○",$E26>=N$3,$E26<EDATE(N$3,1)),"▼","")) | O26: =IF(OR($AG26=0,O$3=""),"",IF(AND(INDEX(工程マスタ!$I:$I,$AG26)="○",$E26>=O$3,$E26<EDATE(O$3,1)),"▼","")) | ... AE26: =IF(OR($AG26=0,AE$3=""),"",IF(AND(INDEX(工程マスタ!$I:$I,$AG26)="○",$E26>=AE$3,$E26<EDATE(AE$3,1)),"▼","")) | AG26: {=IFERROR(SMALL(IF(工程マスタ!$K$5:$K$154>0,ROW(工程マスタ!$C$5:$C$154)),21),0)} -> 25 | AH26: =IF($AG26=0,0,INDEX(工程マスタ!$M:$M,$AG26)) -> 46350
A27: =IF($AG27=0,"",IF(INDEX(工程マスタ!$A:$A,$AG27)="","",INDEX(工程マスタ!$A:$A,$AG27))) -> 22 | B27: =IF($AG27=0,"",IF(INDEX(工程マスタ!$B:$B,$AG27)="","",INDEX(工程マスタ!$B:$B,$AG27))) -> 外装工事 | C27: =IF($AG27=0,"",IF(INDEX(工程マスタ!$C:$C,$AG27)="","",INDEX(工程マスタ!$C:$C,$AG27))) -> 外壁下地・胴縁 | D27: =IF($AG27=0,"",IF(INDEX(工程マスタ!$D:$D,$AG27)="","",INDEX(工程マスタ!$D:$D,$AG27))) -> ■■外装 | E27: =IF($AG27=0,"",IF(INDEX(工程マスタ!$E:$E,$AG27)="","",INDEX(工程マスタ!$E:$E,$AG27))) -> 46342 | F27: =IF($AG27=0,"",IF(INDEX(工程マスタ!$F:$F,$AG27)="","",INDEX(工程マスタ!$F:$F,$AG27))) -> 46360 | G27: =IF($AG27=0,"",IF(INDEX(工程マスタ!$H:$H,$AG27)="","",INDEX(工程マスタ!$H:$H,$AG27))) -> 0 | H27: =IF(OR($AG27=0,H$3=""),"",IF(AND(INDEX(工程マスタ!$I:$I,$AG27)="○",$E27>=H$3,$E27<EDATE(H$3,1)),"▼","")) | I27: =IF(OR($AG27=0,I$3=""),"",IF(AND(INDEX(工程マスタ!$I:$I,$AG27)="○",$E27>=I$3,$E27<EDATE(I$3,1)),"▼","")) | J27: =IF(OR($AG27=0,J$3=""),"",IF(AND(INDEX(工程マスタ!$I:$I,$AG27)="○",$E27>=J$3,$E27<EDATE(J$3,1)),"▼","")) | K27: =IF(OR($AG27=0,K$3=""),"",IF(AND(INDEX(工程マスタ!$I:$I,$AG27)="○",$E27>=K$3,$E27<EDATE(K$3,1)),"▼","")) | L27: =IF(OR($AG27=0,L$3=""),"",IF(AND(INDEX(工程マスタ!$I:$I,$AG27)="○",$E27>=L$3,$E27<EDATE(L$3,1)),"▼","")) | M27: =IF(OR($AG27=0,M$3=""),"",IF(AND(INDEX(工程マスタ!$I:$I,$AG27)="○",$E27>=M$3,$E27<EDATE(M$3,1)),"▼","")) | N27: =IF(OR($AG27=0,N$3=""),"",IF(AND(INDEX(工程マスタ!$I:$I,$AG27)="○",$E27>=N$3,$E27<EDATE(N$3,1)),"▼","")) | O27: =IF(OR($AG27=0,O$3=""),"",IF(AND(INDEX(工程マスタ!$I:$I,$AG27)="○",$E27>=O$3,$E27<EDATE(O$3,1)),"▼","")) | ... AE27: =IF(OR($AG27=0,AE$3=""),"",IF(AND(INDEX(工程マスタ!$I:$I,$AG27)="○",$E27>=AE$3,$E27<EDATE(AE$3,1)),"▼","")) | AG27: {=IFERROR(SMALL(IF(工程マスタ!$K$5:$K$154>0,ROW(工程マスタ!$C$5:$C$154)),22),0)} -> 26 | AH27: =IF($AG27=0,0,INDEX(工程マスタ!$M:$M,$AG27)) -> 46342
A28: =IF($AG28=0,"",IF(INDEX(工程マスタ!$A:$A,$AG28)="","",INDEX(工程マスタ!$A:$A,$AG28))) -> 23 | B28: =IF($AG28=0,"",IF(INDEX(工程マスタ!$B:$B,$AG28)="","",INDEX(工程マスタ!$B:$B,$AG28))) -> 外装工事 | C28: =IF($AG28=0,"",IF(INDEX(工程マスタ!$C:$C,$AG28)="","",INDEX(工程マスタ!$C:$C,$AG28))) -> 外壁パネル(ALC)取付 | D28: =IF($AG28=0,"",IF(INDEX(工程マスタ!$D:$D,$AG28)="","",INDEX(工程マスタ!$D:$D,$AG28))) -> ■■外装 | E28: =IF($AG28=0,"",IF(INDEX(工程マスタ!$E:$E,$AG28)="","",INDEX(工程マスタ!$E:$E,$AG28))) -> 46356 | F28: =IF($AG28=0,"",IF(INDEX(工程マスタ!$F:$F,$AG28)="","",INDEX(工程マスタ!$F:$F,$AG28))) -> 46381 | G28: =IF($AG28=0,"",IF(INDEX(工程マスタ!$H:$H,$AG28)="","",INDEX(工程マスタ!$H:$H,$AG28))) -> 0 | H28: =IF(OR($AG28=0,H$3=""),"",IF(AND(INDEX(工程マスタ!$I:$I,$AG28)="○",$E28>=H$3,$E28<EDATE(H$3,1)),"▼","")) | I28: =IF(OR($AG28=0,I$3=""),"",IF(AND(INDEX(工程マスタ!$I:$I,$AG28)="○",$E28>=I$3,$E28<EDATE(I$3,1)),"▼","")) | J28: =IF(OR($AG28=0,J$3=""),"",IF(AND(INDEX(工程マスタ!$I:$I,$AG28)="○",$E28>=J$3,$E28<EDATE(J$3,1)),"▼","")) | K28: =IF(OR($AG28=0,K$3=""),"",IF(AND(INDEX(工程マスタ!$I:$I,$AG28)="○",$E28>=K$3,$E28<EDATE(K$3,1)),"▼","")) | L28: =IF(OR($AG28=0,L$3=""),"",IF(AND(INDEX(工程マスタ!$I:$I,$AG28)="○",$E28>=L$3,$E28<EDATE(L$3,1)),"▼","")) | M28: =IF(OR($AG28=0,M$3=""),"",IF(AND(INDEX(工程マスタ!$I:$I,$AG28)="○",$E28>=M$3,$E28<EDATE(M$3,1)),"▼","")) | N28: =IF(OR($AG28=0,N$3=""),"",IF(AND(INDEX(工程マスタ!$I:$I,$AG28)="○",$E28>=N$3,$E28<EDATE(N$3,1)),"▼","")) | O28: =IF(OR($AG28=0,O$3=""),"",IF(AND(INDEX(工程マスタ!$I:$I,$AG28)="○",$E28>=O$3,$E28<EDATE(O$3,1)),"▼","")) | ... AE28: =IF(OR($AG28=0,AE$3=""),"",IF(AND(INDEX(工程マスタ!$I:$I,$AG28)="○",$E28>=AE$3,$E28<EDATE(AE$3,1)),"▼","")) | AG28: {=IFERROR(SMALL(IF(工程マスタ!$K$5:$K$154>0,ROW(工程マスタ!$C$5:$C$154)),23),0)} -> 27 | AH28: =IF($AG28=0,0,INDEX(工程マスタ!$M:$M,$AG28)) -> 46356
A29: =IF($AG29=0,"",IF(INDEX(工程マスタ!$A:$A,$AG29)="","",INDEX(工程マスタ!$A:$A,$AG29))) -> 24 | B29: =IF($AG29=0,"",IF(INDEX(工程マスタ!$B:$B,$AG29)="","",INDEX(工程マスタ!$B:$B,$AG29))) -> 外装工事 | C29: =IF($AG29=0,"",IF(INDEX(工程マスタ!$C:$C,$AG29)="","",INDEX(工程マスタ!$C:$C,$AG29))) -> サッシ・外部建具取付 | D29: =IF($AG29=0,"",IF(INDEX(工程マスタ!$D:$D,$AG29)="","",INDEX(工程マスタ!$D:$D,$AG29))) -> ▽▽サッシ | E29: =IF($AG29=0,"",IF(INDEX(工程マスタ!$E:$E,$AG29)="","",INDEX(工程マスタ!$E:$E,$AG29))) -> 46370 | F29: =IF($AG29=0,"",IF(INDEX(工程マスタ!$F:$F,$AG29)="","",INDEX(工程マスタ!$F:$F,$AG29))) -> 46395 | G29: =IF($AG29=0,"",IF(INDEX(工程マスタ!$H:$H,$AG29)="","",INDEX(工程マスタ!$H:$H,$AG29))) -> 0 | H29: =IF(OR($AG29=0,H$3=""),"",IF(AND(INDEX(工程マスタ!$I:$I,$AG29)="○",$E29>=H$3,$E29<EDATE(H$3,1)),"▼","")) | I29: =IF(OR($AG29=0,I$3=""),"",IF(AND(INDEX(工程マスタ!$I:$I,$AG29)="○",$E29>=I$3,$E29<EDATE(I$3,1)),"▼","")) | J29: =IF(OR($AG29=0,J$3=""),"",IF(AND(INDEX(工程マスタ!$I:$I,$AG29)="○",$E29>=J$3,$E29<EDATE(J$3,1)),"▼","")) | K29: =IF(OR($AG29=0,K$3=""),"",IF(AND(INDEX(工程マスタ!$I:$I,$AG29)="○",$E29>=K$3,$E29<EDATE(K$3,1)),"▼","")) | L29: =IF(OR($AG29=0,L$3=""),"",IF(AND(INDEX(工程マスタ!$I:$I,$AG29)="○",$E29>=L$3,$E29<EDATE(L$3,1)),"▼","")) | M29: =IF(OR($AG29=0,M$3=""),"",IF(AND(INDEX(工程マスタ!$I:$I,$AG29)="○",$E29>=M$3,$E29<EDATE(M$3,1)),"▼","")) | N29: =IF(OR($AG29=0,N$3=""),"",IF(AND(INDEX(工程マスタ!$I:$I,$AG29)="○",$E29>=N$3,$E29<EDATE(N$3,1)),"▼","")) | O29: =IF(OR($AG29=0,O$3=""),"",IF(AND(INDEX(工程マスタ!$I:$I,$AG29)="○",$E29>=O$3,$E29<EDATE(O$3,1)),"▼","")) | ... AE29: =IF(OR($AG29=0,AE$3=""),"",IF(AND(INDEX(工程マスタ!$I:$I,$AG29)="○",$E29>=AE$3,$E29<EDATE(AE$3,1)),"▼","")) | AG29: {=IFERROR(SMALL(IF(工程マスタ!$K$5:$K$154>0,ROW(工程マスタ!$C$5:$C$154)),24),0)} -> 28 | AH29: =IF($AG29=0,0,INDEX(工程マスタ!$M:$M,$AG29)) -> 46370
A30: =IF($AG30=0,"",IF(INDEX(工程マスタ!$A:$A,$AG30)="","",INDEX(工程マスタ!$A:$A,$AG30))) -> 25 | B30: =IF($AG30=0,"",IF(INDEX(工程マスタ!$B:$B,$AG30)="","",INDEX(工程マスタ!$B:$B,$AG30))) -> 外装工事 | C30: =IF($AG30=0,"",IF(INDEX(工程マスタ!$C:$C,$AG30)="","",INDEX(工程マスタ!$C:$C,$AG30))) -> シール・外部防水 | D30: =IF($AG30=0,"",IF(INDEX(工程マスタ!$D:$D,$AG30)="","",INDEX(工程マスタ!$D:$D,$AG30))) -> ●●防水 | E30: =IF($AG30=0,"",IF(INDEX(工程マスタ!$E:$E,$AG30)="","",INDEX(工程マスタ!$E:$E,$AG30))) -> 46392 | F30: =IF($AG30=0,"",IF(INDEX(工程マスタ!$F:$F,$AG30)="","",INDEX(工程マスタ!$F:$F,$AG30))) -> 46409 | G30: =IF($AG30=0,"",IF(INDEX(工程マスタ!$H:$H,$AG30)="","",INDEX(工程マスタ!$H:$H,$AG30))) -> 0 | H30: =IF(OR($AG30=0,H$3=""),"",IF(AND(INDEX(工程マスタ!$I:$I,$AG30)="○",$E30>=H$3,$E30<EDATE(H$3,1)),"▼","")) | I30: =IF(OR($AG30=0,I$3=""),"",IF(AND(INDEX(工程マスタ!$I:$I,$AG30)="○",$E30>=I$3,$E30<EDATE(I$3,1)),"▼","")) | J30: =IF(OR($AG30=0,J$3=""),"",IF(AND(INDEX(工程マスタ!$I:$I,$AG30)="○",$E30>=J$3,$E30<EDATE(J$3,1)),"▼","")) | K30: =IF(OR($AG30=0,K$3=""),"",IF(AND(INDEX(工程マスタ!$I:$I,$AG30)="○",$E30>=K$3,$E30<EDATE(K$3,1)),"▼","")) | L30: =IF(OR($AG30=0,L$3=""),"",IF(AND(INDEX(工程マスタ!$I:$I,$AG30)="○",$E30>=L$3,$E30<EDATE(L$3,1)),"▼","")) | M30: =IF(OR($AG30=0,M$3=""),"",IF(AND(INDEX(工程マスタ!$I:$I,$AG30)="○",$E30>=M$3,$E30<EDATE(M$3,1)),"▼","")) | N30: =IF(OR($AG30=0,N$3=""),"",IF(AND(INDEX(工程マスタ!$I:$I,$AG30)="○",$E30>=N$3,$E30<EDATE(N$3,1)),"▼","")) | O30: =IF(OR($AG30=0,O$3=""),"",IF(AND(INDEX(工程マスタ!$I:$I,$AG30)="○",$E30>=O$3,$E30<EDATE(O$3,1)),"▼","")) | ... AE30: =IF(OR($AG30=0,AE$3=""),"",IF(AND(INDEX(工程マスタ!$I:$I,$AG30)="○",$E30>=AE$3,$E30<EDATE(AE$3,1)),"▼","")) | AG30: {=IFERROR(SMALL(IF(工程マスタ!$K$5:$K$154>0,ROW(工程マスタ!$C$5:$C$154)),25),0)} -> 29 | AH30: =IF($AG30=0,0,INDEX(工程マスタ!$M:$M,$AG30)) -> 46392
A31: =IF($AG31=0,"",IF(INDEX(工程マスタ!$A:$A,$AG31)="","",INDEX(工程マスタ!$A:$A,$AG31))) -> 26 | B31: =IF($AG31=0,"",IF(INDEX(工程マスタ!$B:$B,$AG31)="","",INDEX(工程マスタ!$B:$B,$AG31))) -> 外装工事 | C31: =IF($AG31=0,"",IF(INDEX(工程マスタ!$C:$C,$AG31)="","",INDEX(工程マスタ!$C:$C,$AG31))) -> 外壁塗装・仕上 | D31: =IF($AG31=0,"",IF(INDEX(工程マスタ!$D:$D,$AG31)="","",INDEX(工程マスタ!$D:$D,$AG31))) -> ■■外装 | E31: =IF($AG31=0,"",IF(INDEX(工程マスタ!$E:$E,$AG31)="","",INDEX(工程マスタ!$E:$E,$AG31))) -> 46405 | F31: =IF($AG31=0,"",IF(INDEX(工程マスタ!$F:$F,$AG31)="","",INDEX(工程マスタ!$F:$F,$AG31))) -> 46423 | G31: =IF($AG31=0,"",IF(INDEX(工程マスタ!$H:$H,$AG31)="","",INDEX(工程マスタ!$H:$H,$AG31))) -> 0 | H31: =IF(OR($AG31=0,H$3=""),"",IF(AND(INDEX(工程マスタ!$I:$I,$AG31)="○",$E31>=H$3,$E31<EDATE(H$3,1)),"▼","")) | I31: =IF(OR($AG31=0,I$3=""),"",IF(AND(INDEX(工程マスタ!$I:$I,$AG31)="○",$E31>=I$3,$E31<EDATE(I$3,1)),"▼","")) | J31: =IF(OR($AG31=0,J$3=""),"",IF(AND(INDEX(工程マスタ!$I:$I,$AG31)="○",$E31>=J$3,$E31<EDATE(J$3,1)),"▼","")) | K31: =IF(OR($AG31=0,K$3=""),"",IF(AND(INDEX(工程マスタ!$I:$I,$AG31)="○",$E31>=K$3,$E31<EDATE(K$3,1)),"▼","")) | L31: =IF(OR($AG31=0,L$3=""),"",IF(AND(INDEX(工程マスタ!$I:$I,$AG31)="○",$E31>=L$3,$E31<EDATE(L$3,1)),"▼","")) | M31: =IF(OR($AG31=0,M$3=""),"",IF(AND(INDEX(工程マスタ!$I:$I,$AG31)="○",$E31>=M$3,$E31<EDATE(M$3,1)),"▼","")) | N31: =IF(OR($AG31=0,N$3=""),"",IF(AND(INDEX(工程マスタ!$I:$I,$AG31)="○",$E31>=N$3,$E31<EDATE(N$3,1)),"▼","")) | O31: =IF(OR($AG31=0,O$3=""),"",IF(AND(INDEX(工程マスタ!$I:$I,$AG31)="○",$E31>=O$3,$E31<EDATE(O$3,1)),"▼","")) | ... AE31: =IF(OR($AG31=0,AE$3=""),"",IF(AND(INDEX(工程マスタ!$I:$I,$AG31)="○",$E31>=AE$3,$E31<EDATE(AE$3,1)),"▼","")) | AG31: {=IFERROR(SMALL(IF(工程マスタ!$K$5:$K$154>0,ROW(工程マスタ!$C$5:$C$154)),26),0)} -> 30 | AH31: =IF($AG31=0,0,INDEX(工程マスタ!$M:$M,$AG31)) -> 46405
A32: =IF($AG32=0,"",IF(INDEX(工程マスタ!$A:$A,$AG32)="","",INDEX(工程マスタ!$A:$A,$AG32))) -> 27 | B32: =IF($AG32=0,"",IF(INDEX(工程マスタ!$B:$B,$AG32)="","",INDEX(工程マスタ!$B:$B,$AG32))) -> マイルストーン | C32: =IF($AG32=0,"",IF(INDEX(工程マスタ!$C:$C,$AG32)="","",INDEX(工程マスタ!$C:$C,$AG32))) -> 外部足場解体 | D32: =IF($AG32=0,"",IF(INDEX(工程マスタ!$D:$D,$AG32)="","",INDEX(工程マスタ!$D:$D,$AG32))) | E32: =IF($AG32=0,"",IF(INDEX(工程マスタ!$E:$E,$AG32)="","",INDEX(工程マスタ!$E:$E,$AG32))) -> 46412 | F32: =IF($AG32=0,"",IF(INDEX(工程マスタ!$F:$F,$AG32)="","",INDEX(工程マスタ!$F:$F,$AG32))) -> 46412 | G32: =IF($AG32=0,"",IF(INDEX(工程マスタ!$H:$H,$AG32)="","",INDEX(工程マスタ!$H:$H,$AG32))) | H32: =IF(OR($AG32=0,H$3=""),"",IF(AND(INDEX(工程マスタ!$I:$I,$AG32)="○",$E32>=H$3,$E32<EDATE(H$3,1)),"▼","")) | I32: =IF(OR($AG32=0,I$3=""),"",IF(AND(INDEX(工程マスタ!$I:$I,$AG32)="○",$E32>=I$3,$E32<EDATE(I$3,1)),"▼","")) | J32: =IF(OR($AG32=0,J$3=""),"",IF(AND(INDEX(工程マスタ!$I:$I,$AG32)="○",$E32>=J$3,$E32<EDATE(J$3,1)),"▼","")) | K32: =IF(OR($AG32=0,K$3=""),"",IF(AND(INDEX(工程マスタ!$I:$I,$AG32)="○",$E32>=K$3,$E32<EDATE(K$3,1)),"▼","")) | L32: =IF(OR($AG32=0,L$3=""),"",IF(AND(INDEX(工程マスタ!$I:$I,$AG32)="○",$E32>=L$3,$E32<EDATE(L$3,1)),"▼","")) | M32: =IF(OR($AG32=0,M$3=""),"",IF(AND(INDEX(工程マスタ!$I:$I,$AG32)="○",$E32>=M$3,$E32<EDATE(M$3,1)),"▼","")) | N32: =IF(OR($AG32=0,N$3=""),"",IF(AND(INDEX(工程マスタ!$I:$I,$AG32)="○",$E32>=N$3,$E32<EDATE(N$3,1)),"▼","")) -> ▼ | O32: =IF(OR($AG32=0,O$3=""),"",IF(AND(INDEX(工程マスタ!$I:$I,$AG32)="○",$E32>=O$3,$E32<EDATE(O$3,1)),"▼","")) | ... AE32: =IF(OR($AG32=0,AE$3=""),"",IF(AND(INDEX(工程マスタ!$I:$I,$AG32)="○",$E32>=AE$3,$E32<EDATE(AE$3,1)),"▼","")) | AG32: {=IFERROR(SMALL(IF(工程マスタ!$K$5:$K$154>0,ROW(工程マスタ!$C$5:$C$154)),27),0)} -> 31 | AH32: =IF($AG32=0,0,INDEX(工程マスタ!$M:$M,$AG32)) -> 46412
A33: =IF($AG33=0,"",IF(INDEX(工程マスタ!$A:$A,$AG33)="","",INDEX(工程マスタ!$A:$A,$AG33))) -> 28 | B33: =IF($AG33=0,"",IF(INDEX(工程マスタ!$B:$B,$AG33)="","",INDEX(工程マスタ!$B:$B,$AG33))) -> 仮設工事 | C33: =IF($AG33=0,"",IF(INDEX(工程マスタ!$C:$C,$AG33)="","",INDEX(工程マスタ!$C:$C,$AG33))) -> 外部足場解体 | D33: =IF($AG33=0,"",IF(INDEX(工程マスタ!$D:$D,$AG33)="","",INDEX(工程マスタ!$D:$D,$AG33))) -> ○○仮設工業 | E33: =IF($AG33=0,"",IF(INDEX(工程マスタ!$E:$E,$AG33)="","",INDEX(工程マスタ!$E:$E,$AG33))) -> 46412 | F33: =IF($AG33=0,"",IF(INDEX(工程マスタ!$F:$F,$AG33)="","",INDEX(工程マスタ!$F:$F,$AG33))) -> 46417 | G33: =IF($AG33=0,"",IF(INDEX(工程マスタ!$H:$H,$AG33)="","",INDEX(工程マスタ!$H:$H,$AG33))) -> 0 | H33: =IF(OR($AG33=0,H$3=""),"",IF(AND(INDEX(工程マスタ!$I:$I,$AG33)="○",$E33>=H$3,$E33<EDATE(H$3,1)),"▼","")) | I33: =IF(OR($AG33=0,I$3=""),"",IF(AND(INDEX(工程マスタ!$I:$I,$AG33)="○",$E33>=I$3,$E33<EDATE(I$3,1)),"▼","")) | J33: =IF(OR($AG33=0,J$3=""),"",IF(AND(INDEX(工程マスタ!$I:$I,$AG33)="○",$E33>=J$3,$E33<EDATE(J$3,1)),"▼","")) | K33: =IF(OR($AG33=0,K$3=""),"",IF(AND(INDEX(工程マスタ!$I:$I,$AG33)="○",$E33>=K$3,$E33<EDATE(K$3,1)),"▼","")) | L33: =IF(OR($AG33=0,L$3=""),"",IF(AND(INDEX(工程マスタ!$I:$I,$AG33)="○",$E33>=L$3,$E33<EDATE(L$3,1)),"▼","")) | M33: =IF(OR($AG33=0,M$3=""),"",IF(AND(INDEX(工程マスタ!$I:$I,$AG33)="○",$E33>=M$3,$E33<EDATE(M$3,1)),"▼","")) | N33: =IF(OR($AG33=0,N$3=""),"",IF(AND(INDEX(工程マスタ!$I:$I,$AG33)="○",$E33>=N$3,$E33<EDATE(N$3,1)),"▼","")) | O33: =IF(OR($AG33=0,O$3=""),"",IF(AND(INDEX(工程マスタ!$I:$I,$AG33)="○",$E33>=O$3,$E33<EDATE(O$3,1)),"▼","")) | ... AE33: =IF(OR($AG33=0,AE$3=""),"",IF(AND(INDEX(工程マスタ!$I:$I,$AG33)="○",$E33>=AE$3,$E33<EDATE(AE$3,1)),"▼","")) | AG33: {=IFERROR(SMALL(IF(工程マスタ!$K$5:$K$154>0,ROW(工程マスタ!$C$5:$C$154)),28),0)} -> 32 | AH33: =IF($AG33=0,0,INDEX(工程マスタ!$M:$M,$AG33)) -> 46412
A34: =IF($AG34=0,"",IF(INDEX(工程マスタ!$A:$A,$AG34)="","",INDEX(工程マスタ!$A:$A,$AG34))) -> 29 | B34: =IF($AG34=0,"",IF(INDEX(工程マスタ!$B:$B,$AG34)="","",INDEX(工程マスタ!$B:$B,$AG34))) -> 内装・設備工事 | C34: =IF($AG34=0,"",IF(INDEX(工程マスタ!$C:$C,$AG34)="","",INDEX(工程マスタ!$C:$C,$AG34))) -> 設備配管・配線(隠蔽部) | D34: =IF($AG34=0,"",IF(INDEX(工程マスタ!$D:$D,$AG34)="","",INDEX(工程マスタ!$D:$D,$AG34))) -> △△電設・◎◎設備 | E34: =IF($AG34=0,"",IF(INDEX(工程マスタ!$E:$E,$AG34)="","",INDEX(工程マスタ!$E:$E,$AG34))) -> 46342 | F34: =IF($AG34=0,"",IF(INDEX(工程マスタ!$F:$F,$AG34)="","",INDEX(工程マスタ!$F:$F,$AG34))) -> 46403 | G34: =IF($AG34=0,"",IF(INDEX(工程マスタ!$H:$H,$AG34)="","",INDEX(工程マスタ!$H:$H,$AG34))) -> 0 | H34: =IF(OR($AG34=0,H$3=""),"",IF(AND(INDEX(工程マスタ!$I:$I,$AG34)="○",$E34>=H$3,$E34<EDATE(H$3,1)),"▼","")) | I34: =IF(OR($AG34=0,I$3=""),"",IF(AND(INDEX(工程マスタ!$I:$I,$AG34)="○",$E34>=I$3,$E34<EDATE(I$3,1)),"▼","")) | J34: =IF(OR($AG34=0,J$3=""),"",IF(AND(INDEX(工程マスタ!$I:$I,$AG34)="○",$E34>=J$3,$E34<EDATE(J$3,1)),"▼","")) | K34: =IF(OR($AG34=0,K$3=""),"",IF(AND(INDEX(工程マスタ!$I:$I,$AG34)="○",$E34>=K$3,$E34<EDATE(K$3,1)),"▼","")) | L34: =IF(OR($AG34=0,L$3=""),"",IF(AND(INDEX(工程マスタ!$I:$I,$AG34)="○",$E34>=L$3,$E34<EDATE(L$3,1)),"▼","")) | M34: =IF(OR($AG34=0,M$3=""),"",IF(AND(INDEX(工程マスタ!$I:$I,$AG34)="○",$E34>=M$3,$E34<EDATE(M$3,1)),"▼","")) | N34: =IF(OR($AG34=0,N$3=""),"",IF(AND(INDEX(工程マスタ!$I:$I,$AG34)="○",$E34>=N$3,$E34<EDATE(N$3,1)),"▼","")) | O34: =IF(OR($AG34=0,O$3=""),"",IF(AND(INDEX(工程マスタ!$I:$I,$AG34)="○",$E34>=O$3,$E34<EDATE(O$3,1)),"▼","")) | ... AE34: =IF(OR($AG34=0,AE$3=""),"",IF(AND(INDEX(工程マスタ!$I:$I,$AG34)="○",$E34>=AE$3,$E34<EDATE(AE$3,1)),"▼","")) | AG34: {=IFERROR(SMALL(IF(工程マスタ!$K$5:$K$154>0,ROW(工程マスタ!$C$5:$C$154)),29),0)} -> 33 | AH34: =IF($AG34=0,0,INDEX(工程マスタ!$M:$M,$AG34)) -> 46342
A35: =IF($AG35=0,"",IF(INDEX(工程マスタ!$A:$A,$AG35)="","",INDEX(工程マスタ!$A:$A,$AG35))) -> 30 | B35: =IF($AG35=0,"",IF(INDEX(工程マスタ!$B:$B,$AG35)="","",INDEX(工程マスタ!$B:$B,$AG35))) -> 内装・設備工事 | C35: =IF($AG35=0,"",IF(INDEX(工程マスタ!$C:$C,$AG35)="","",INDEX(工程マスタ!$C:$C,$AG35))) -> 天井・壁LGS下地 | D35: =IF($AG35=0,"",IF(INDEX(工程マスタ!$D:$D,$AG35)="","",INDEX(工程マスタ!$D:$D,$AG35))) -> ☆☆内装 | E35: =IF($AG35=0,"",IF(INDEX(工程マスタ!$E:$E,$AG35)="","",INDEX(工程マスタ!$E:$E,$AG35))) -> 46377 | F35: =IF($AG35=0,"",IF(INDEX(工程マスタ!$F:$F,$AG35)="","",INDEX(工程マスタ!$F:$F,$AG35))) -> 46416 | G35: =IF($AG35=0,"",IF(INDEX(工程マスタ!$H:$H,$AG35)="","",INDEX(工程マスタ!$H:$H,$AG35))) -> 0 | H35: =IF(OR($AG35=0,H$3=""),"",IF(AND(INDEX(工程マスタ!$I:$I,$AG35)="○",$E35>=H$3,$E35<EDATE(H$3,1)),"▼","")) | I35: =IF(OR($AG35=0,I$3=""),"",IF(AND(INDEX(工程マスタ!$I:$I,$AG35)="○",$E35>=I$3,$E35<EDATE(I$3,1)),"▼","")) | J35: =IF(OR($AG35=0,J$3=""),"",IF(AND(INDEX(工程マスタ!$I:$I,$AG35)="○",$E35>=J$3,$E35<EDATE(J$3,1)),"▼","")) | K35: =IF(OR($AG35=0,K$3=""),"",IF(AND(INDEX(工程マスタ!$I:$I,$AG35)="○",$E35>=K$3,$E35<EDATE(K$3,1)),"▼","")) | L35: =IF(OR($AG35=0,L$3=""),"",IF(AND(INDEX(工程マスタ!$I:$I,$AG35)="○",$E35>=L$3,$E35<EDATE(L$3,1)),"▼","")) | M35: =IF(OR($AG35=0,M$3=""),"",IF(AND(INDEX(工程マスタ!$I:$I,$AG35)="○",$E35>=M$3,$E35<EDATE(M$3,1)),"▼","")) | N35: =IF(OR($AG35=0,N$3=""),"",IF(AND(INDEX(工程マスタ!$I:$I,$AG35)="○",$E35>=N$3,$E35<EDATE(N$3,1)),"▼","")) | O35: =IF(OR($AG35=0,O$3=""),"",IF(AND(INDEX(工程マスタ!$I:$I,$AG35)="○",$E35>=O$3,$E35<EDATE(O$3,1)),"▼","")) | ... AE35: =IF(OR($AG35=0,AE$3=""),"",IF(AND(INDEX(工程マスタ!$I:$I,$AG35)="○",$E35>=AE$3,$E35<EDATE(AE$3,1)),"▼","")) | AG35: {=IFERROR(SMALL(IF(工程マスタ!$K$5:$K$154>0,ROW(工程マスタ!$C$5:$C$154)),30),0)} -> 34 | AH35: =IF($AG35=0,0,INDEX(工程マスタ!$M:$M,$AG35)) -> 46377
A36: =IF($AG36=0,"",IF(INDEX(工程マスタ!$A:$A,$AG36)="","",INDEX(工程マスタ!$A:$A,$AG36))) -> 31 | B36: =IF($AG36=0,"",IF(INDEX(工程マスタ!$B:$B,$AG36)="","",INDEX(工程マスタ!$B:$B,$AG36))) -> 内装・設備工事 | C36: =IF($AG36=0,"",IF(INDEX(工程マスタ!$C:$C,$AG36)="","",INDEX(工程マスタ!$C:$C,$AG36))) -> ボード貼り | D36: =IF($AG36=0,"",IF(INDEX(工程マスタ!$D:$D,$AG36)="","",INDEX(工程マスタ!$D:$D,$AG36))) -> ☆☆内装 | E36: =IF($AG36=0,"",IF(INDEX(工程マスタ!$E:$E,$AG36)="","",INDEX(工程マスタ!$E:$E,$AG36))) -> 46399 | F36: =IF($AG36=0,"",IF(INDEX(工程マスタ!$F:$F,$AG36)="","",INDEX(工程マスタ!$F:$F,$AG36))) -> 46430 | G36: =IF($AG36=0,"",IF(INDEX(工程マスタ!$H:$H,$AG36)="","",INDEX(工程マスタ!$H:$H,$AG36))) -> 0 | H36: =IF(OR($AG36=0,H$3=""),"",IF(AND(INDEX(工程マスタ!$I:$I,$AG36)="○",$E36>=H$3,$E36<EDATE(H$3,1)),"▼","")) | I36: =IF(OR($AG36=0,I$3=""),"",IF(AND(INDEX(工程マスタ!$I:$I,$AG36)="○",$E36>=I$3,$E36<EDATE(I$3,1)),"▼","")) | J36: =IF(OR($AG36=0,J$3=""),"",IF(AND(INDEX(工程マスタ!$I:$I,$AG36)="○",$E36>=J$3,$E36<EDATE(J$3,1)),"▼","")) | K36: =IF(OR($AG36=0,K$3=""),"",IF(AND(INDEX(工程マスタ!$I:$I,$AG36)="○",$E36>=K$3,$E36<EDATE(K$3,1)),"▼","")) | L36: =IF(OR($AG36=0,L$3=""),"",IF(AND(INDEX(工程マスタ!$I:$I,$AG36)="○",$E36>=L$3,$E36<EDATE(L$3,1)),"▼","")) | M36: =IF(OR($AG36=0,M$3=""),"",IF(AND(INDEX(工程マスタ!$I:$I,$AG36)="○",$E36>=M$3,$E36<EDATE(M$3,1)),"▼","")) | N36: =IF(OR($AG36=0,N$3=""),"",IF(AND(INDEX(工程マスタ!$I:$I,$AG36)="○",$E36>=N$3,$E36<EDATE(N$3,1)),"▼","")) | O36: =IF(OR($AG36=0,O$3=""),"",IF(AND(INDEX(工程マスタ!$I:$I,$AG36)="○",$E36>=O$3,$E36<EDATE(O$3,1)),"▼","")) | ... AE36: =IF(OR($AG36=0,AE$3=""),"",IF(AND(INDEX(工程マスタ!$I:$I,$AG36)="○",$E36>=AE$3,$E36<EDATE(AE$3,1)),"▼","")) | AG36: {=IFERROR(SMALL(IF(工程マスタ!$K$5:$K$154>0,ROW(工程マスタ!$C$5:$C$154)),31),0)} -> 35 | AH36: =IF($AG36=0,0,INDEX(工程マスタ!$M:$M,$AG36)) -> 46399
A37: =IF($AG37=0,"",IF(INDEX(工程マスタ!$A:$A,$AG37)="","",INDEX(工程マスタ!$A:$A,$AG37))) -> 32 | B37: =IF($AG37=0,"",IF(INDEX(工程マスタ!$B:$B,$AG37)="","",INDEX(工程マスタ!$B:$B,$AG37))) -> マイルストーン | C37: =IF($AG37=0,"",IF(INDEX(工程マスタ!$C:$C,$AG37)="","",INDEX(工程マスタ!$C:$C,$AG37))) -> 受電 | D37: =IF($AG37=0,"",IF(INDEX(工程マスタ!$D:$D,$AG37)="","",INDEX(工程マスタ!$D:$D,$AG37))) | E37: =IF($AG37=0,"",IF(INDEX(工程マスタ!$E:$E,$AG37)="","",INDEX(工程マスタ!$E:$E,$AG37))) -> 46420 | F37: =IF($AG37=0,"",IF(INDEX(工程マスタ!$F:$F,$AG37)="","",INDEX(工程マスタ!$F:$F,$AG37))) -> 46420 | G37: =IF($AG37=0,"",IF(INDEX(工程マスタ!$H:$H,$AG37)="","",INDEX(工程マスタ!$H:$H,$AG37))) | H37: =IF(OR($AG37=0,H$3=""),"",IF(AND(INDEX(工程マスタ!$I:$I,$AG37)="○",$E37>=H$3,$E37<EDATE(H$3,1)),"▼","")) | I37: =IF(OR($AG37=0,I$3=""),"",IF(AND(INDEX(工程マスタ!$I:$I,$AG37)="○",$E37>=I$3,$E37<EDATE(I$3,1)),"▼","")) | J37: =IF(OR($AG37=0,J$3=""),"",IF(AND(INDEX(工程マスタ!$I:$I,$AG37)="○",$E37>=J$3,$E37<EDATE(J$3,1)),"▼","")) | K37: =IF(OR($AG37=0,K$3=""),"",IF(AND(INDEX(工程マスタ!$I:$I,$AG37)="○",$E37>=K$3,$E37<EDATE(K$3,1)),"▼","")) | L37: =IF(OR($AG37=0,L$3=""),"",IF(AND(INDEX(工程マスタ!$I:$I,$AG37)="○",$E37>=L$3,$E37<EDATE(L$3,1)),"▼","")) | M37: =IF(OR($AG37=0,M$3=""),"",IF(AND(INDEX(工程マスタ!$I:$I,$AG37)="○",$E37>=M$3,$E37<EDATE(M$3,1)),"▼","")) | N37: =IF(OR($AG37=0,N$3=""),"",IF(AND(INDEX(工程マスタ!$I:$I,$AG37)="○",$E37>=N$3,$E37<EDATE(N$3,1)),"▼","")) | O37: =IF(OR($AG37=0,O$3=""),"",IF(AND(INDEX(工程マスタ!$I:$I,$AG37)="○",$E37>=O$3,$E37<EDATE(O$3,1)),"▼","")) -> ▼ | ... AE37: =IF(OR($AG37=0,AE$3=""),"",IF(AND(INDEX(工程マスタ!$I:$I,$AG37)="○",$E37>=AE$3,$E37<EDATE(AE$3,1)),"▼","")) | AG37: {=IFERROR(SMALL(IF(工程マスタ!$K$5:$K$154>0,ROW(工程マスタ!$C$5:$C$154)),32),0)} -> 36 | AH37: =IF($AG37=0,0,INDEX(工程マスタ!$M:$M,$AG37)) -> 46420
A38: =IF($AG38=0,"",IF(INDEX(工程マスタ!$A:$A,$AG38)="","",INDEX(工程マスタ!$A:$A,$AG38))) -> 33 | B38: =IF($AG38=0,"",IF(INDEX(工程マスタ!$B:$B,$AG38)="","",INDEX(工程マスタ!$B:$B,$AG38))) -> 内装・設備工事 | C38: =IF($AG38=0,"",IF(INDEX(工程マスタ!$C:$C,$AG38)="","",INDEX(工程マスタ!$C:$C,$AG38))) -> 塗装・クロス仕上 | D38: =IF($AG38=0,"",IF(INDEX(工程マスタ!$D:$D,$AG38)="","",INDEX(工程マスタ!$D:$D,$AG38))) -> ☆☆内装 | E38: =IF($AG38=0,"",IF(INDEX(工程マスタ!$E:$E,$AG38)="","",INDEX(工程マスタ!$E:$E,$AG38))) -> 46426 | F38: =IF($AG38=0,"",IF(INDEX(工程マスタ!$F:$F,$AG38)="","",INDEX(工程マスタ!$F:$F,$AG38))) -> 46451 | G38: =IF($AG38=0,"",IF(INDEX(工程マスタ!$H:$H,$AG38)="","",INDEX(工程マスタ!$H:$H,$AG38))) -> 0 | H38: =IF(OR($AG38=0,H$3=""),"",IF(AND(INDEX(工程マスタ!$I:$I,$AG38)="○",$E38>=H$3,$E38<EDATE(H$3,1)),"▼","")) | I38: =IF(OR($AG38=0,I$3=""),"",IF(AND(INDEX(工程マスタ!$I:$I,$AG38)="○",$E38>=I$3,$E38<EDATE(I$3,1)),"▼","")) | J38: =IF(OR($AG38=0,J$3=""),"",IF(AND(INDEX(工程マスタ!$I:$I,$AG38)="○",$E38>=J$3,$E38<EDATE(J$3,1)),"▼","")) | K38: =IF(OR($AG38=0,K$3=""),"",IF(AND(INDEX(工程マスタ!$I:$I,$AG38)="○",$E38>=K$3,$E38<EDATE(K$3,1)),"▼","")) | L38: =IF(OR($AG38=0,L$3=""),"",IF(AND(INDEX(工程マスタ!$I:$I,$AG38)="○",$E38>=L$3,$E38<EDATE(L$3,1)),"▼","")) | M38: =IF(OR($AG38=0,M$3=""),"",IF(AND(INDEX(工程マスタ!$I:$I,$AG38)="○",$E38>=M$3,$E38<EDATE(M$3,1)),"▼","")) | N38: =IF(OR($AG38=0,N$3=""),"",IF(AND(INDEX(工程マスタ!$I:$I,$AG38)="○",$E38>=N$3,$E38<EDATE(N$3,1)),"▼","")) | O38: =IF(OR($AG38=0,O$3=""),"",IF(AND(INDEX(工程マスタ!$I:$I,$AG38)="○",$E38>=O$3,$E38<EDATE(O$3,1)),"▼","")) | ... AE38: =IF(OR($AG38=0,AE$3=""),"",IF(AND(INDEX(工程マスタ!$I:$I,$AG38)="○",$E38>=AE$3,$E38<EDATE(AE$3,1)),"▼","")) | AG38: {=IFERROR(SMALL(IF(工程マスタ!$K$5:$K$154>0,ROW(工程マスタ!$C$5:$C$154)),33),0)} -> 37 | AH38: =IF($AG38=0,0,INDEX(工程マスタ!$M:$M,$AG38)) -> 46426
A39: =IF($AG39=0,"",IF(INDEX(工程マスタ!$A:$A,$AG39)="","",INDEX(工程マスタ!$A:$A,$AG39))) -> 34 | B39: =IF($AG39=0,"",IF(INDEX(工程マスタ!$B:$B,$AG39)="","",INDEX(工程マスタ!$B:$B,$AG39))) -> 内装・設備工事 | C39: =IF($AG39=0,"",IF(INDEX(工程マスタ!$C:$C,$AG39)="","",INDEX(工程マスタ!$C:$C,$AG39))) -> 床仕上げ | D39: =IF($AG39=0,"",IF(INDEX(工程マスタ!$D:$D,$AG39)="","",INDEX(工程マスタ!$D:$D,$AG39))) -> ☆☆内装 | E39: =IF($AG39=0,"",IF(INDEX(工程マスタ!$E:$E,$AG39)="","",INDEX(工程マスタ!$E:$E,$AG39))) -> 46440 | F39: =IF($AG39=0,"",IF(INDEX(工程マスタ!$F:$F,$AG39)="","",INDEX(工程マスタ!$F:$F,$AG39))) -> 46458 | G39: =IF($AG39=0,"",IF(INDEX(工程マスタ!$H:$H,$AG39)="","",INDEX(工程マスタ!$H:$H,$AG39))) -> 0 | H39: =IF(OR($AG39=0,H$3=""),"",IF(AND(INDEX(工程マスタ!$I:$I,$AG39)="○",$E39>=H$3,$E39<EDATE(H$3,1)),"▼","")) | I39: =IF(OR($AG39=0,I$3=""),"",IF(AND(INDEX(工程マスタ!$I:$I,$AG39)="○",$E39>=I$3,$E39<EDATE(I$3,1)),"▼","")) | J39: =IF(OR($AG39=0,J$3=""),"",IF(AND(INDEX(工程マスタ!$I:$I,$AG39)="○",$E39>=J$3,$E39<EDATE(J$3,1)),"▼","")) | K39: =IF(OR($AG39=0,K$3=""),"",IF(AND(INDEX(工程マスタ!$I:$I,$AG39)="○",$E39>=K$3,$E39<EDATE(K$3,1)),"▼","")) | L39: =IF(OR($AG39=0,L$3=""),"",IF(AND(INDEX(工程マスタ!$I:$I,$AG39)="○",$E39>=L$3,$E39<EDATE(L$3,1)),"▼","")) | M39: =IF(OR($AG39=0,M$3=""),"",IF(AND(INDEX(工程マスタ!$I:$I,$AG39)="○",$E39>=M$3,$E39<EDATE(M$3,1)),"▼","")) | N39: =IF(OR($AG39=0,N$3=""),"",IF(AND(INDEX(工程マスタ!$I:$I,$AG39)="○",$E39>=N$3,$E39<EDATE(N$3,1)),"▼","")) | O39: =IF(OR($AG39=0,O$3=""),"",IF(AND(INDEX(工程マスタ!$I:$I,$AG39)="○",$E39>=O$3,$E39<EDATE(O$3,1)),"▼","")) | ... AE39: =IF(OR($AG39=0,AE$3=""),"",IF(AND(INDEX(工程マスタ!$I:$I,$AG39)="○",$E39>=AE$3,$E39<EDATE(AE$3,1)),"▼","")) | AG39: {=IFERROR(SMALL(IF(工程マスタ!$K$5:$K$154>0,ROW(工程マスタ!$C$5:$C$154)),34),0)} -> 38 | AH39: =IF($AG39=0,0,INDEX(工程マスタ!$M:$M,$AG39)) -> 46440
A40: =IF($AG40=0,"",IF(INDEX(工程マスタ!$A:$A,$AG40)="","",INDEX(工程マスタ!$A:$A,$AG40))) -> 35 | B40: =IF($AG40=0,"",IF(INDEX(工程マスタ!$B:$B,$AG40)="","",INDEX(工程マスタ!$B:$B,$AG40))) -> 内装・設備工事 | C40: =IF($AG40=0,"",IF(INDEX(工程マスタ!$C:$C,$AG40)="","",INDEX(工程マスタ!$C:$C,$AG40))) -> 照明・衛生器具取付 | D40: =IF($AG40=0,"",IF(INDEX(工程マスタ!$D:$D,$AG40)="","",INDEX(工程マスタ!$D:$D,$AG40))) -> △△電設・◎◎設備 | E40: =IF($AG40=0,"",IF(INDEX(工程マスタ!$E:$E,$AG40)="","",INDEX(工程マスタ!$E:$E,$AG40))) -> 46433 | F40: =IF($AG40=0,"",IF(INDEX(工程マスタ!$F:$F,$AG40)="","",INDEX(工程マスタ!$F:$F,$AG40))) -> 46456 | G40: =IF($AG40=0,"",IF(INDEX(工程マスタ!$H:$H,$AG40)="","",INDEX(工程マスタ!$H:$H,$AG40))) -> 0 | H40: =IF(OR($AG40=0,H$3=""),"",IF(AND(INDEX(工程マスタ!$I:$I,$AG40)="○",$E40>=H$3,$E40<EDATE(H$3,1)),"▼","")) | I40: =IF(OR($AG40=0,I$3=""),"",IF(AND(INDEX(工程マスタ!$I:$I,$AG40)="○",$E40>=I$3,$E40<EDATE(I$3,1)),"▼","")) | J40: =IF(OR($AG40=0,J$3=""),"",IF(AND(INDEX(工程マスタ!$I:$I,$AG40)="○",$E40>=J$3,$E40<EDATE(J$3,1)),"▼","")) | K40: =IF(OR($AG40=0,K$3=""),"",IF(AND(INDEX(工程マスタ!$I:$I,$AG40)="○",$E40>=K$3,$E40<EDATE(K$3,1)),"▼","")) | L40: =IF(OR($AG40=0,L$3=""),"",IF(AND(INDEX(工程マスタ!$I:$I,$AG40)="○",$E40>=L$3,$E40<EDATE(L$3,1)),"▼","")) | M40: =IF(OR($AG40=0,M$3=""),"",IF(AND(INDEX(工程マスタ!$I:$I,$AG40)="○",$E40>=M$3,$E40<EDATE(M$3,1)),"▼","")) | N40: =IF(OR($AG40=0,N$3=""),"",IF(AND(INDEX(工程マスタ!$I:$I,$AG40)="○",$E40>=N$3,$E40<EDATE(N$3,1)),"▼","")) | O40: =IF(OR($AG40=0,O$3=""),"",IF(AND(INDEX(工程マスタ!$I:$I,$AG40)="○",$E40>=O$3,$E40<EDATE(O$3,1)),"▼","")) | ... AE40: =IF(OR($AG40=0,AE$3=""),"",IF(AND(INDEX(工程マスタ!$I:$I,$AG40)="○",$E40>=AE$3,$E40<EDATE(AE$3,1)),"▼","")) | AG40: {=IFERROR(SMALL(IF(工程マスタ!$K$5:$K$154>0,ROW(工程マスタ!$C$5:$C$154)),35),0)} -> 39 | AH40: =IF($AG40=0,0,INDEX(工程マスタ!$M:$M,$AG40)) -> 46433
A41: =IF($AG41=0,"",IF(INDEX(工程マスタ!$A:$A,$AG41)="","",INDEX(工程マスタ!$A:$A,$AG41))) -> 36 | B41: =IF($AG41=0,"",IF(INDEX(工程マスタ!$B:$B,$AG41)="","",INDEX(工程マスタ!$B:$B,$AG41))) -> 内装・設備工事 | C41: =IF($AG41=0,"",IF(INDEX(工程マスタ!$C:$C,$AG41)="","",INDEX(工程マスタ!$C:$C,$AG41))) -> 空調機器設置・試運転調整 | D41: =IF($AG41=0,"",IF(INDEX(工程マスタ!$D:$D,$AG41)="","",INDEX(工程マスタ!$D:$D,$AG41))) -> ◎◎設備 | E41: =IF($AG41=0,"",IF(INDEX(工程マスタ!$E:$E,$AG41)="","",INDEX(工程マスタ!$E:$E,$AG41))) -> 46419 | F41: =IF($AG41=0,"",IF(INDEX(工程マスタ!$F:$F,$AG41)="","",INDEX(工程マスタ!$F:$F,$AG41))) -> 46462 | G41: =IF($AG41=0,"",IF(INDEX(工程マスタ!$H:$H,$AG41)="","",INDEX(工程マスタ!$H:$H,$AG41))) -> 0 | H41: =IF(OR($AG41=0,H$3=""),"",IF(AND(INDEX(工程マスタ!$I:$I,$AG41)="○",$E41>=H$3,$E41<EDATE(H$3,1)),"▼","")) | I41: =IF(OR($AG41=0,I$3=""),"",IF(AND(INDEX(工程マスタ!$I:$I,$AG41)="○",$E41>=I$3,$E41<EDATE(I$3,1)),"▼","")) | J41: =IF(OR($AG41=0,J$3=""),"",IF(AND(INDEX(工程マスタ!$I:$I,$AG41)="○",$E41>=J$3,$E41<EDATE(J$3,1)),"▼","")) | K41: =IF(OR($AG41=0,K$3=""),"",IF(AND(INDEX(工程マスタ!$I:$I,$AG41)="○",$E41>=K$3,$E41<EDATE(K$3,1)),"▼","")) | L41: =IF(OR($AG41=0,L$3=""),"",IF(AND(INDEX(工程マスタ!$I:$I,$AG41)="○",$E41>=L$3,$E41<EDATE(L$3,1)),"▼","")) | M41: =IF(OR($AG41=0,M$3=""),"",IF(AND(INDEX(工程マスタ!$I:$I,$AG41)="○",$E41>=M$3,$E41<EDATE(M$3,1)),"▼","")) | N41: =IF(OR($AG41=0,N$3=""),"",IF(AND(INDEX(工程マスタ!$I:$I,$AG41)="○",$E41>=N$3,$E41<EDATE(N$3,1)),"▼","")) | O41: =IF(OR($AG41=0,O$3=""),"",IF(AND(INDEX(工程マスタ!$I:$I,$AG41)="○",$E41>=O$3,$E41<EDATE(O$3,1)),"▼","")) | ... AE41: =IF(OR($AG41=0,AE$3=""),"",IF(AND(INDEX(工程マスタ!$I:$I,$AG41)="○",$E41>=AE$3,$E41<EDATE(AE$3,1)),"▼","")) | AG41: {=IFERROR(SMALL(IF(工程マスタ!$K$5:$K$154>0,ROW(工程マスタ!$C$5:$C$154)),36),0)} -> 40 | AH41: =IF($AG41=0,0,INDEX(工程マスタ!$M:$M,$AG41)) -> 46419
A42: =IF($AG42=0,"",IF(INDEX(工程マスタ!$A:$A,$AG42)="","",INDEX(工程マスタ!$A:$A,$AG42))) -> 37 | B42: =IF($AG42=0,"",IF(INDEX(工程マスタ!$B:$B,$AG42)="","",INDEX(工程マスタ!$B:$B,$AG42))) -> 外構工事 | C42: =IF($AG42=0,"",IF(INDEX(工程マスタ!$C:$C,$AG42)="","",INDEX(工程マスタ!$C:$C,$AG42))) -> 外構土工・排水 | D42: =IF($AG42=0,"",IF(INDEX(工程マスタ!$D:$D,$AG42)="","",INDEX(工程マスタ!$D:$D,$AG42))) -> ▲▲土木 | E42: =IF($AG42=0,"",IF(INDEX(工程マスタ!$E:$E,$AG42)="","",INDEX(工程マスタ!$E:$E,$AG42))) -> 46426 | F42: =IF($AG42=0,"",IF(INDEX(工程マスタ!$F:$F,$AG42)="","",INDEX(工程マスタ!$F:$F,$AG42))) -> 46444 | G42: =IF($AG42=0,"",IF(INDEX(工程マスタ!$H:$H,$AG42)="","",INDEX(工程マスタ!$H:$H,$AG42))) -> 0 | H42: =IF(OR($AG42=0,H$3=""),"",IF(AND(INDEX(工程マスタ!$I:$I,$AG42)="○",$E42>=H$3,$E42<EDATE(H$3,1)),"▼","")) | I42: =IF(OR($AG42=0,I$3=""),"",IF(AND(INDEX(工程マスタ!$I:$I,$AG42)="○",$E42>=I$3,$E42<EDATE(I$3,1)),"▼","")) | J42: =IF(OR($AG42=0,J$3=""),"",IF(AND(INDEX(工程マスタ!$I:$I,$AG42)="○",$E42>=J$3,$E42<EDATE(J$3,1)),"▼","")) | K42: =IF(OR($AG42=0,K$3=""),"",IF(AND(INDEX(工程マスタ!$I:$I,$AG42)="○",$E42>=K$3,$E42<EDATE(K$3,1)),"▼","")) | L42: =IF(OR($AG42=0,L$3=""),"",IF(AND(INDEX(工程マスタ!$I:$I,$AG42)="○",$E42>=L$3,$E42<EDATE(L$3,1)),"▼","")) | M42: =IF(OR($AG42=0,M$3=""),"",IF(AND(INDEX(工程マスタ!$I:$I,$AG42)="○",$E42>=M$3,$E42<EDATE(M$3,1)),"▼","")) | N42: =IF(OR($AG42=0,N$3=""),"",IF(AND(INDEX(工程マスタ!$I:$I,$AG42)="○",$E42>=N$3,$E42<EDATE(N$3,1)),"▼","")) | O42: =IF(OR($AG42=0,O$3=""),"",IF(AND(INDEX(工程マスタ!$I:$I,$AG42)="○",$E42>=O$3,$E42<EDATE(O$3,1)),"▼","")) | ... AE42: =IF(OR($AG42=0,AE$3=""),"",IF(AND(INDEX(工程マスタ!$I:$I,$AG42)="○",$E42>=AE$3,$E42<EDATE(AE$3,1)),"▼","")) | AG42: {=IFERROR(SMALL(IF(工程マスタ!$K$5:$K$154>0,ROW(工程マスタ!$C$5:$C$154)),37),0)} -> 41 | AH42: =IF($AG42=0,0,INDEX(工程マスタ!$M:$M,$AG42)) -> 46426
A43: =IF($AG43=0,"",IF(INDEX(工程マスタ!$A:$A,$AG43)="","",INDEX(工程マスタ!$A:$A,$AG43))) -> 38 | B43: =IF($AG43=0,"",IF(INDEX(工程マスタ!$B:$B,$AG43)="","",INDEX(工程マスタ!$B:$B,$AG43))) -> 外構工事 | C43: =IF($AG43=0,"",IF(INDEX(工程マスタ!$C:$C,$AG43)="","",INDEX(工程マスタ!$C:$C,$AG43))) -> 舗装・植栽 | D43: =IF($AG43=0,"",IF(INDEX(工程マスタ!$D:$D,$AG43)="","",INDEX(工程マスタ!$D:$D,$AG43))) -> ▲▲土木 | E43: =IF($AG43=0,"",IF(INDEX(工程マスタ!$E:$E,$AG43)="","",INDEX(工程マスタ!$E:$E,$AG43))) -> 46447 | F43: =IF($AG43=0,"",IF(INDEX(工程マスタ!$F:$F,$AG43)="","",INDEX(工程マスタ!$F:$F,$AG43))) -> 46465 | G43: =IF($AG43=0,"",IF(INDEX(工程マスタ!$H:$H,$AG43)="","",INDEX(工程マスタ!$H:$H,$AG43))) -> 0 | H43: =IF(OR($AG43=0,H$3=""),"",IF(AND(INDEX(工程マスタ!$I:$I,$AG43)="○",$E43>=H$3,$E43<EDATE(H$3,1)),"▼","")) | I43: =IF(OR($AG43=0,I$3=""),"",IF(AND(INDEX(工程マスタ!$I:$I,$AG43)="○",$E43>=I$3,$E43<EDATE(I$3,1)),"▼","")) | J43: =IF(OR($AG43=0,J$3=""),"",IF(AND(INDEX(工程マスタ!$I:$I,$AG43)="○",$E43>=J$3,$E43<EDATE(J$3,1)),"▼","")) | K43: =IF(OR($AG43=0,K$3=""),"",IF(AND(INDEX(工程マスタ!$I:$I,$AG43)="○",$E43>=K$3,$E43<EDATE(K$3,1)),"▼","")) | L43: =IF(OR($AG43=0,L$3=""),"",IF(AND(INDEX(工程マスタ!$I:$I,$AG43)="○",$E43>=L$3,$E43<EDATE(L$3,1)),"▼","")) | M43: =IF(OR($AG43=0,M$3=""),"",IF(AND(INDEX(工程マスタ!$I:$I,$AG43)="○",$E43>=M$3,$E43<EDATE(M$3,1)),"▼","")) | N43: =IF(OR($AG43=0,N$3=""),"",IF(AND(INDEX(工程マスタ!$I:$I,$AG43)="○",$E43>=N$3,$E43<EDATE(N$3,1)),"▼","")) | O43: =IF(OR($AG43=0,O$3=""),"",IF(AND(INDEX(工程マスタ!$I:$I,$AG43)="○",$E43>=O$3,$E43<EDATE(O$3,1)),"▼","")) | ... AE43: =IF(OR($AG43=0,AE$3=""),"",IF(AND(INDEX(工程マスタ!$I:$I,$AG43)="○",$E43>=AE$3,$E43<EDATE(AE$3,1)),"▼","")) | AG43: {=IFERROR(SMALL(IF(工程マスタ!$K$5:$K$154>0,ROW(工程マスタ!$C$5:$C$154)),38),0)} -> 42 | AH43: =IF($AG43=0,0,INDEX(工程マスタ!$M:$M,$AG43)) -> 46447
A44: =IF($AG44=0,"",IF(INDEX(工程マスタ!$A:$A,$AG44)="","",INDEX(工程マスタ!$A:$A,$AG44))) -> 39 | B44: =IF($AG44=0,"",IF(INDEX(工程マスタ!$B:$B,$AG44)="","",INDEX(工程マスタ!$B:$B,$AG44))) -> 検査・引渡 | C44: =IF($AG44=0,"",IF(INDEX(工程マスタ!$C:$C,$AG44)="","",INDEX(工程マスタ!$C:$C,$AG44))) -> 社内検査・是正 | D44: =IF($AG44=0,"",IF(INDEX(工程マスタ!$D:$D,$AG44)="","",INDEX(工程マスタ!$D:$D,$AG44))) -> △△建設 | E44: =IF($AG44=0,"",IF(INDEX(工程マスタ!$E:$E,$AG44)="","",INDEX(工程マスタ!$E:$E,$AG44))) -> 46454 | F44: =IF($AG44=0,"",IF(INDEX(工程マスタ!$F:$F,$AG44)="","",INDEX(工程マスタ!$F:$F,$AG44))) -> 46463 | G44: =IF($AG44=0,"",IF(INDEX(工程マスタ!$H:$H,$AG44)="","",INDEX(工程マスタ!$H:$H,$AG44))) -> 0 | H44: =IF(OR($AG44=0,H$3=""),"",IF(AND(INDEX(工程マスタ!$I:$I,$AG44)="○",$E44>=H$3,$E44<EDATE(H$3,1)),"▼","")) | I44: =IF(OR($AG44=0,I$3=""),"",IF(AND(INDEX(工程マスタ!$I:$I,$AG44)="○",$E44>=I$3,$E44<EDATE(I$3,1)),"▼","")) | J44: =IF(OR($AG44=0,J$3=""),"",IF(AND(INDEX(工程マスタ!$I:$I,$AG44)="○",$E44>=J$3,$E44<EDATE(J$3,1)),"▼","")) | K44: =IF(OR($AG44=0,K$3=""),"",IF(AND(INDEX(工程マスタ!$I:$I,$AG44)="○",$E44>=K$3,$E44<EDATE(K$3,1)),"▼","")) | L44: =IF(OR($AG44=0,L$3=""),"",IF(AND(INDEX(工程マスタ!$I:$I,$AG44)="○",$E44>=L$3,$E44<EDATE(L$3,1)),"▼","")) | M44: =IF(OR($AG44=0,M$3=""),"",IF(AND(INDEX(工程マスタ!$I:$I,$AG44)="○",$E44>=M$3,$E44<EDATE(M$3,1)),"▼","")) | N44: =IF(OR($AG44=0,N$3=""),"",IF(AND(INDEX(工程マスタ!$I:$I,$AG44)="○",$E44>=N$3,$E44<EDATE(N$3,1)),"▼","")) | O44: =IF(OR($AG44=0,O$3=""),"",IF(AND(INDEX(工程マスタ!$I:$I,$AG44)="○",$E44>=O$3,$E44<EDATE(O$3,1)),"▼","")) | ... AE44: =IF(OR($AG44=0,AE$3=""),"",IF(AND(INDEX(工程マスタ!$I:$I,$AG44)="○",$E44>=AE$3,$E44<EDATE(AE$3,1)),"▼","")) | AG44: {=IFERROR(SMALL(IF(工程マスタ!$K$5:$K$154>0,ROW(工程マスタ!$C$5:$C$154)),39),0)} -> 43 | AH44: =IF($AG44=0,0,INDEX(工程マスタ!$M:$M,$AG44)) -> 46454
A45: =IF($AG45=0,"",IF(INDEX(工程マスタ!$A:$A,$AG45)="","",INDEX(工程マスタ!$A:$A,$AG45))) -> 40 | B45: =IF($AG45=0,"",IF(INDEX(工程マスタ!$B:$B,$AG45)="","",INDEX(工程マスタ!$B:$B,$AG45))) -> マイルストーン | C45: =IF($AG45=0,"",IF(INDEX(工程マスタ!$C:$C,$AG45)="","",INDEX(工程マスタ!$C:$C,$AG45))) -> 消防・完了検査 | D45: =IF($AG45=0,"",IF(INDEX(工程マスタ!$D:$D,$AG45)="","",INDEX(工程マスタ!$D:$D,$AG45))) | E45: =IF($AG45=0,"",IF(INDEX(工程マスタ!$E:$E,$AG45)="","",INDEX(工程マスタ!$E:$E,$AG45))) -> 46456 | F45: =IF($AG45=0,"",IF(INDEX(工程マスタ!$F:$F,$AG45)="","",INDEX(工程マスタ!$F:$F,$AG45))) -> 46456 | G45: =IF($AG45=0,"",IF(INDEX(工程マスタ!$H:$H,$AG45)="","",INDEX(工程マスタ!$H:$H,$AG45))) | H45: =IF(OR($AG45=0,H$3=""),"",IF(AND(INDEX(工程マスタ!$I:$I,$AG45)="○",$E45>=H$3,$E45<EDATE(H$3,1)),"▼","")) | I45: =IF(OR($AG45=0,I$3=""),"",IF(AND(INDEX(工程マスタ!$I:$I,$AG45)="○",$E45>=I$3,$E45<EDATE(I$3,1)),"▼","")) | J45: =IF(OR($AG45=0,J$3=""),"",IF(AND(INDEX(工程マスタ!$I:$I,$AG45)="○",$E45>=J$3,$E45<EDATE(J$3,1)),"▼","")) | K45: =IF(OR($AG45=0,K$3=""),"",IF(AND(INDEX(工程マスタ!$I:$I,$AG45)="○",$E45>=K$3,$E45<EDATE(K$3,1)),"▼","")) | L45: =IF(OR($AG45=0,L$3=""),"",IF(AND(INDEX(工程マスタ!$I:$I,$AG45)="○",$E45>=L$3,$E45<EDATE(L$3,1)),"▼","")) | M45: =IF(OR($AG45=0,M$3=""),"",IF(AND(INDEX(工程マスタ!$I:$I,$AG45)="○",$E45>=M$3,$E45<EDATE(M$3,1)),"▼","")) | N45: =IF(OR($AG45=0,N$3=""),"",IF(AND(INDEX(工程マスタ!$I:$I,$AG45)="○",$E45>=N$3,$E45<EDATE(N$3,1)),"▼","")) | O45: =IF(OR($AG45=0,O$3=""),"",IF(AND(INDEX(工程マスタ!$I:$I,$AG45)="○",$E45>=O$3,$E45<EDATE(O$3,1)),"▼","")) | ... AE45: =IF(OR($AG45=0,AE$3=""),"",IF(AND(INDEX(工程マスタ!$I:$I,$AG45)="○",$E45>=AE$3,$E45<EDATE(AE$3,1)),"▼","")) | AG45: {=IFERROR(SMALL(IF(工程マスタ!$K$5:$K$154>0,ROW(工程マスタ!$C$5:$C$154)),40),0)} -> 44 | AH45: =IF($AG45=0,0,INDEX(工程マスタ!$M:$M,$AG45)) -> 46456
A46: =IF($AG46=0,"",IF(INDEX(工程マスタ!$A:$A,$AG46)="","",INDEX(工程マスタ!$A:$A,$AG46))) -> 41 | B46: =IF($AG46=0,"",IF(INDEX(工程マスタ!$B:$B,$AG46)="","",INDEX(工程マスタ!$B:$B,$AG46))) -> 検査・引渡 | C46: =IF($AG46=0,"",IF(INDEX(工程マスタ!$C:$C,$AG46)="","",INDEX(工程マスタ!$C:$C,$AG46))) -> 美装クリーニング | D46: =IF($AG46=0,"",IF(INDEX(工程マスタ!$D:$D,$AG46)="","",INDEX(工程マスタ!$D:$D,$AG46))) -> ▼▼美装 | E46: =IF($AG46=0,"",IF(INDEX(工程マスタ!$E:$E,$AG46)="","",INDEX(工程マスタ!$E:$E,$AG46))) -> 46461 | F46: =IF($AG46=0,"",IF(INDEX(工程マスタ!$F:$F,$AG46)="","",INDEX(工程マスタ!$F:$F,$AG46))) -> 46470 | G46: =IF($AG46=0,"",IF(INDEX(工程マスタ!$H:$H,$AG46)="","",INDEX(工程マスタ!$H:$H,$AG46))) -> 0 | H46: =IF(OR($AG46=0,H$3=""),"",IF(AND(INDEX(工程マスタ!$I:$I,$AG46)="○",$E46>=H$3,$E46<EDATE(H$3,1)),"▼","")) | I46: =IF(OR($AG46=0,I$3=""),"",IF(AND(INDEX(工程マスタ!$I:$I,$AG46)="○",$E46>=I$3,$E46<EDATE(I$3,1)),"▼","")) | J46: =IF(OR($AG46=0,J$3=""),"",IF(AND(INDEX(工程マスタ!$I:$I,$AG46)="○",$E46>=J$3,$E46<EDATE(J$3,1)),"▼","")) | K46: =IF(OR($AG46=0,K$3=""),"",IF(AND(INDEX(工程マスタ!$I:$I,$AG46)="○",$E46>=K$3,$E46<EDATE(K$3,1)),"▼","")) | L46: =IF(OR($AG46=0,L$3=""),"",IF(AND(INDEX(工程マスタ!$I:$I,$AG46)="○",$E46>=L$3,$E46<EDATE(L$3,1)),"▼","")) | M46: =IF(OR($AG46=0,M$3=""),"",IF(AND(INDEX(工程マスタ!$I:$I,$AG46)="○",$E46>=M$3,$E46<EDATE(M$3,1)),"▼","")) | N46: =IF(OR($AG46=0,N$3=""),"",IF(AND(INDEX(工程マスタ!$I:$I,$AG46)="○",$E46>=N$3,$E46<EDATE(N$3,1)),"▼","")) | O46: =IF(OR($AG46=0,O$3=""),"",IF(AND(INDEX(工程マスタ!$I:$I,$AG46)="○",$E46>=O$3,$E46<EDATE(O$3,1)),"▼","")) | ... AE46: =IF(OR($AG46=0,AE$3=""),"",IF(AND(INDEX(工程マスタ!$I:$I,$AG46)="○",$E46>=AE$3,$E46<EDATE(AE$3,1)),"▼","")) | AG46: {=IFERROR(SMALL(IF(工程マスタ!$K$5:$K$154>0,ROW(工程マスタ!$C$5:$C$154)),41),0)} -> 45 | AH46: =IF($AG46=0,0,INDEX(工程マスタ!$M:$M,$AG46)) -> 46461
A47: =IF($AG47=0,"",IF(INDEX(工程マスタ!$A:$A,$AG47)="","",INDEX(工程マスタ!$A:$A,$AG47))) -> 42 | B47: =IF($AG47=0,"",IF(INDEX(工程マスタ!$B:$B,$AG47)="","",INDEX(工程マスタ!$B:$B,$AG47))) -> マイルストーン | C47: =IF($AG47=0,"",IF(INDEX(工程マスタ!$C:$C,$AG47)="","",INDEX(工程マスタ!$C:$C,$AG47))) -> 施主検査 | D47: =IF($AG47=0,"",IF(INDEX(工程マスタ!$D:$D,$AG47)="","",INDEX(工程マスタ!$D:$D,$AG47))) | E47: =IF($AG47=0,"",IF(INDEX(工程マスタ!$E:$E,$AG47)="","",INDEX(工程マスタ!$E:$E,$AG47))) -> 46464 | F47: =IF($AG47=0,"",IF(INDEX(工程マスタ!$F:$F,$AG47)="","",INDEX(工程マスタ!$F:$F,$AG47))) -> 46464 | G47: =IF($AG47=0,"",IF(INDEX(工程マスタ!$H:$H,$AG47)="","",INDEX(工程マスタ!$H:$H,$AG47))) | H47: =IF(OR($AG47=0,H$3=""),"",IF(AND(INDEX(工程マスタ!$I:$I,$AG47)="○",$E47>=H$3,$E47<EDATE(H$3,1)),"▼","")) | I47: =IF(OR($AG47=0,I$3=""),"",IF(AND(INDEX(工程マスタ!$I:$I,$AG47)="○",$E47>=I$3,$E47<EDATE(I$3,1)),"▼","")) | J47: =IF(OR($AG47=0,J$3=""),"",IF(AND(INDEX(工程マスタ!$I:$I,$AG47)="○",$E47>=J$3,$E47<EDATE(J$3,1)),"▼","")) | K47: =IF(OR($AG47=0,K$3=""),"",IF(AND(INDEX(工程マスタ!$I:$I,$AG47)="○",$E47>=K$3,$E47<EDATE(K$3,1)),"▼","")) | L47: =IF(OR($AG47=0,L$3=""),"",IF(AND(INDEX(工程マスタ!$I:$I,$AG47)="○",$E47>=L$3,$E47<EDATE(L$3,1)),"▼","")) | M47: =IF(OR($AG47=0,M$3=""),"",IF(AND(INDEX(工程マスタ!$I:$I,$AG47)="○",$E47>=M$3,$E47<EDATE(M$3,1)),"▼","")) | N47: =IF(OR($AG47=0,N$3=""),"",IF(AND(INDEX(工程マスタ!$I:$I,$AG47)="○",$E47>=N$3,$E47<EDATE(N$3,1)),"▼","")) | O47: =IF(OR($AG47=0,O$3=""),"",IF(AND(INDEX(工程マスタ!$I:$I,$AG47)="○",$E47>=O$3,$E47<EDATE(O$3,1)),"▼","")) | ... AE47: =IF(OR($AG47=0,AE$3=""),"",IF(AND(INDEX(工程マスタ!$I:$I,$AG47)="○",$E47>=AE$3,$E47<EDATE(AE$3,1)),"▼","")) | AG47: {=IFERROR(SMALL(IF(工程マスタ!$K$5:$K$154>0,ROW(工程マスタ!$C$5:$C$154)),42),0)} -> 46 | AH47: =IF($AG47=0,0,INDEX(工程マスタ!$M:$M,$AG47)) -> 46464
A48: =IF($AG48=0,"",IF(INDEX(工程マスタ!$A:$A,$AG48)="","",INDEX(工程マスタ!$A:$A,$AG48))) -> 43 | B48: =IF($AG48=0,"",IF(INDEX(工程マスタ!$B:$B,$AG48)="","",INDEX(工程マスタ!$B:$B,$AG48))) -> 検査・引渡 | C48: =IF($AG48=0,"",IF(INDEX(工程マスタ!$C:$C,$AG48)="","",INDEX(工程マスタ!$C:$C,$AG48))) -> 是正・手直し | D48: =IF($AG48=0,"",IF(INDEX(工程マスタ!$D:$D,$AG48)="","",INDEX(工程マスタ!$D:$D,$AG48))) -> △△建設 | E48: =IF($AG48=0,"",IF(INDEX(工程マスタ!$E:$E,$AG48)="","",INDEX(工程マスタ!$E:$E,$AG48))) -> 46465 | F48: =IF($AG48=0,"",IF(INDEX(工程マスタ!$F:$F,$AG48)="","",INDEX(工程マスタ!$F:$F,$AG48))) -> 46475 | G48: =IF($AG48=0,"",IF(INDEX(工程マスタ!$H:$H,$AG48)="","",INDEX(工程マスタ!$H:$H,$AG48))) -> 0 | H48: =IF(OR($AG48=0,H$3=""),"",IF(AND(INDEX(工程マスタ!$I:$I,$AG48)="○",$E48>=H$3,$E48<EDATE(H$3,1)),"▼","")) | I48: =IF(OR($AG48=0,I$3=""),"",IF(AND(INDEX(工程マスタ!$I:$I,$AG48)="○",$E48>=I$3,$E48<EDATE(I$3,1)),"▼","")) | J48: =IF(OR($AG48=0,J$3=""),"",IF(AND(INDEX(工程マスタ!$I:$I,$AG48)="○",$E48>=J$3,$E48<EDATE(J$3,1)),"▼","")) | K48: =IF(OR($AG48=0,K$3=""),"",IF(AND(INDEX(工程マスタ!$I:$I,$AG48)="○",$E48>=K$3,$E48<EDATE(K$3,1)),"▼","")) | L48: =IF(OR($AG48=0,L$3=""),"",IF(AND(INDEX(工程マスタ!$I:$I,$AG48)="○",$E48>=L$3,$E48<EDATE(L$3,1)),"▼","")) | M48: =IF(OR($AG48=0,M$3=""),"",IF(AND(INDEX(工程マスタ!$I:$I,$AG48)="○",$E48>=M$3,$E48<EDATE(M$3,1)),"▼","")) | N48: =IF(OR($AG48=0,N$3=""),"",IF(AND(INDEX(工程マスタ!$I:$I,$AG48)="○",$E48>=N$3,$E48<EDATE(N$3,1)),"▼","")) | O48: =IF(OR($AG48=0,O$3=""),"",IF(AND(INDEX(工程マスタ!$I:$I,$AG48)="○",$E48>=O$3,$E48<EDATE(O$3,1)),"▼","")) | ... AE48: =IF(OR($AG48=0,AE$3=""),"",IF(AND(INDEX(工程マスタ!$I:$I,$AG48)="○",$E48>=AE$3,$E48<EDATE(AE$3,1)),"▼","")) | AG48: {=IFERROR(SMALL(IF(工程マスタ!$K$5:$K$154>0,ROW(工程マスタ!$C$5:$C$154)),43),0)} -> 47 | AH48: =IF($AG48=0,0,INDEX(工程マスタ!$M:$M,$AG48)) -> 46465
A49: =IF($AG49=0,"",IF(INDEX(工程マスタ!$A:$A,$AG49)="","",INDEX(工程マスタ!$A:$A,$AG49))) -> 44 | B49: =IF($AG49=0,"",IF(INDEX(工程マスタ!$B:$B,$AG49)="","",INDEX(工程マスタ!$B:$B,$AG49))) -> 仮設工事 | C49: =IF($AG49=0,"",IF(INDEX(工程マスタ!$C:$C,$AG49)="","",INDEX(工程マスタ!$C:$C,$AG49))) -> 仮囲い・事務所撤去 | D49: =IF($AG49=0,"",IF(INDEX(工程マスタ!$D:$D,$AG49)="","",INDEX(工程マスタ!$D:$D,$AG49))) -> ○○仮設工業 | E49: =IF($AG49=0,"",IF(INDEX(工程マスタ!$E:$E,$AG49)="","",INDEX(工程マスタ!$E:$E,$AG49))) -> 46468 | F49: =IF($AG49=0,"",IF(INDEX(工程マスタ!$F:$F,$AG49)="","",INDEX(工程マスタ!$F:$F,$AG49))) -> 46473 | G49: =IF($AG49=0,"",IF(INDEX(工程マスタ!$H:$H,$AG49)="","",INDEX(工程マスタ!$H:$H,$AG49))) -> 0 | H49: =IF(OR($AG49=0,H$3=""),"",IF(AND(INDEX(工程マスタ!$I:$I,$AG49)="○",$E49>=H$3,$E49<EDATE(H$3,1)),"▼","")) | I49: =IF(OR($AG49=0,I$3=""),"",IF(AND(INDEX(工程マスタ!$I:$I,$AG49)="○",$E49>=I$3,$E49<EDATE(I$3,1)),"▼","")) | J49: =IF(OR($AG49=0,J$3=""),"",IF(AND(INDEX(工程マスタ!$I:$I,$AG49)="○",$E49>=J$3,$E49<EDATE(J$3,1)),"▼","")) | K49: =IF(OR($AG49=0,K$3=""),"",IF(AND(INDEX(工程マスタ!$I:$I,$AG49)="○",$E49>=K$3,$E49<EDATE(K$3,1)),"▼","")) | L49: =IF(OR($AG49=0,L$3=""),"",IF(AND(INDEX(工程マスタ!$I:$I,$AG49)="○",$E49>=L$3,$E49<EDATE(L$3,1)),"▼","")) | M49: =IF(OR($AG49=0,M$3=""),"",IF(AND(INDEX(工程マスタ!$I:$I,$AG49)="○",$E49>=M$3,$E49<EDATE(M$3,1)),"▼","")) | N49: =IF(OR($AG49=0,N$3=""),"",IF(AND(INDEX(工程マスタ!$I:$I,$AG49)="○",$E49>=N$3,$E49<EDATE(N$3,1)),"▼","")) | O49: =IF(OR($AG49=0,O$3=""),"",IF(AND(INDEX(工程マスタ!$I:$I,$AG49)="○",$E49>=O$3,$E49<EDATE(O$3,1)),"▼","")) | ... AE49: =IF(OR($AG49=0,AE$3=""),"",IF(AND(INDEX(工程マスタ!$I:$I,$AG49)="○",$E49>=AE$3,$E49<EDATE(AE$3,1)),"▼","")) | AG49: {=IFERROR(SMALL(IF(工程マスタ!$K$5:$K$154>0,ROW(工程マスタ!$C$5:$C$154)),44),0)} -> 48 | AH49: =IF($AG49=0,0,INDEX(工程マスタ!$M:$M,$AG49)) -> 46468
A50: =IF($AG50=0,"",IF(INDEX(工程マスタ!$A:$A,$AG50)="","",INDEX(工程マスタ!$A:$A,$AG50))) -> 45 | B50: =IF($AG50=0,"",IF(INDEX(工程マスタ!$B:$B,$AG50)="","",INDEX(工程マスタ!$B:$B,$AG50))) -> マイルストーン | C50: =IF($AG50=0,"",IF(INDEX(工程マスタ!$C:$C,$AG50)="","",INDEX(工程マスタ!$C:$C,$AG50))) -> 竣工・引渡し | D50: =IF($AG50=0,"",IF(INDEX(工程マスタ!$D:$D,$AG50)="","",INDEX(工程マスタ!$D:$D,$AG50))) | E50: =IF($AG50=0,"",IF(INDEX(工程マスタ!$E:$E,$AG50)="","",INDEX(工程マスタ!$E:$E,$AG50))) -> 46477 | F50: =IF($AG50=0,"",IF(INDEX(工程マスタ!$F:$F,$AG50)="","",INDEX(工程マスタ!$F:$F,$AG50))) -> 46477 | G50: =IF($AG50=0,"",IF(INDEX(工程マスタ!$H:$H,$AG50)="","",INDEX(工程マスタ!$H:$H,$AG50))) | H50: =IF(OR($AG50=0,H$3=""),"",IF(AND(INDEX(工程マスタ!$I:$I,$AG50)="○",$E50>=H$3,$E50<EDATE(H$3,1)),"▼","")) | I50: =IF(OR($AG50=0,I$3=""),"",IF(AND(INDEX(工程マスタ!$I:$I,$AG50)="○",$E50>=I$3,$E50<EDATE(I$3,1)),"▼","")) | J50: =IF(OR($AG50=0,J$3=""),"",IF(AND(INDEX(工程マスタ!$I:$I,$AG50)="○",$E50>=J$3,$E50<EDATE(J$3,1)),"▼","")) | K50: =IF(OR($AG50=0,K$3=""),"",IF(AND(INDEX(工程マスタ!$I:$I,$AG50)="○",$E50>=K$3,$E50<EDATE(K$3,1)),"▼","")) | L50: =IF(OR($AG50=0,L$3=""),"",IF(AND(INDEX(工程マスタ!$I:$I,$AG50)="○",$E50>=L$3,$E50<EDATE(L$3,1)),"▼","")) | M50: =IF(OR($AG50=0,M$3=""),"",IF(AND(INDEX(工程マスタ!$I:$I,$AG50)="○",$E50>=M$3,$E50<EDATE(M$3,1)),"▼","")) | N50: =IF(OR($AG50=0,N$3=""),"",IF(AND(INDEX(工程マスタ!$I:$I,$AG50)="○",$E50>=N$3,$E50<EDATE(N$3,1)),"▼","")) | O50: =IF(OR($AG50=0,O$3=""),"",IF(AND(INDEX(工程マスタ!$I:$I,$AG50)="○",$E50>=O$3,$E50<EDATE(O$3,1)),"▼","")) | ... AE50: =IF(OR($AG50=0,AE$3=""),"",IF(AND(INDEX(工程マスタ!$I:$I,$AG50)="○",$E50>=AE$3,$E50<EDATE(AE$3,1)),"▼","")) | AG50: {=IFERROR(SMALL(IF(工程マスタ!$K$5:$K$154>0,ROW(工程マスタ!$C$5:$C$154)),45),0)} -> 49 | AH50: =IF($AG50=0,0,INDEX(工程マスタ!$M:$M,$AG50)) -> 46477
A51: =IF($AG51=0,"",IF(INDEX(工程マスタ!$A:$A,$AG51)="","",INDEX(工程マスタ!$A:$A,$AG51))) | B51: =IF($AG51=0,"",IF(INDEX(工程マスタ!$B:$B,$AG51)="","",INDEX(工程マスタ!$B:$B,$AG51))) | C51: =IF($AG51=0,"",IF(INDEX(工程マスタ!$C:$C,$AG51)="","",INDEX(工程マスタ!$C:$C,$AG51))) | D51: =IF($AG51=0,"",IF(INDEX(工程マスタ!$D:$D,$AG51)="","",INDEX(工程マスタ!$D:$D,$AG51))) | E51: =IF($AG51=0,"",IF(INDEX(工程マスタ!$E:$E,$AG51)="","",INDEX(工程マスタ!$E:$E,$AG51))) | F51: =IF($AG51=0,"",IF(INDEX(工程マスタ!$F:$F,$AG51)="","",INDEX(工程マスタ!$F:$F,$AG51))) | G51: =IF($AG51=0,"",IF(INDEX(工程マスタ!$H:$H,$AG51)="","",INDEX(工程マスタ!$H:$H,$AG51))) | H51: =IF(OR($AG51=0,H$3=""),"",IF(AND(INDEX(工程マスタ!$I:$I,$AG51)="○",$E51>=H$3,$E51<EDATE(H$3,1)),"▼","")) | I51: =IF(OR($AG51=0,I$3=""),"",IF(AND(INDEX(工程マスタ!$I:$I,$AG51)="○",$E51>=I$3,$E51<EDATE(I$3,1)),"▼","")) | J51: =IF(OR($AG51=0,J$3=""),"",IF(AND(INDEX(工程マスタ!$I:$I,$AG51)="○",$E51>=J$3,$E51<EDATE(J$3,1)),"▼","")) | K51: =IF(OR($AG51=0,K$3=""),"",IF(AND(INDEX(工程マスタ!$I:$I,$AG51)="○",$E51>=K$3,$E51<EDATE(K$3,1)),"▼","")) | L51: =IF(OR($AG51=0,L$3=""),"",IF(AND(INDEX(工程マスタ!$I:$I,$AG51)="○",$E51>=L$3,$E51<EDATE(L$3,1)),"▼","")) | M51: =IF(OR($AG51=0,M$3=""),"",IF(AND(INDEX(工程マスタ!$I:$I,$AG51)="○",$E51>=M$3,$E51<EDATE(M$3,1)),"▼","")) | N51: =IF(OR($AG51=0,N$3=""),"",IF(AND(INDEX(工程マスタ!$I:$I,$AG51)="○",$E51>=N$3,$E51<EDATE(N$3,1)),"▼","")) | O51: =IF(OR($AG51=0,O$3=""),"",IF(AND(INDEX(工程マスタ!$I:$I,$AG51)="○",$E51>=O$3,$E51<EDATE(O$3,1)),"▼","")) | ... AE51: =IF(OR($AG51=0,AE$3=""),"",IF(AND(INDEX(工程マスタ!$I:$I,$AG51)="○",$E51>=AE$3,$E51<EDATE(AE$3,1)),"▼","")) | AG51: {=IFERROR(SMALL(IF(工程マスタ!$K$5:$K$154>0,ROW(工程マスタ!$C$5:$C$154)),46),0)} -> 0 | AH51: =IF($AG51=0,0,INDEX(工程マスタ!$M:$M,$AG51)) -> 0
A52: =IF($AG52=0,"",IF(INDEX(工程マスタ!$A:$A,$AG52)="","",INDEX(工程マスタ!$A:$A,$AG52))) | B52: =IF($AG52=0,"",IF(INDEX(工程マスタ!$B:$B,$AG52)="","",INDEX(工程マスタ!$B:$B,$AG52))) | C52: =IF($AG52=0,"",IF(INDEX(工程マスタ!$C:$C,$AG52)="","",INDEX(工程マスタ!$C:$C,$AG52))) | D52: =IF($AG52=0,"",IF(INDEX(工程マスタ!$D:$D,$AG52)="","",INDEX(工程マスタ!$D:$D,$AG52))) | E52: =IF($AG52=0,"",IF(INDEX(工程マスタ!$E:$E,$AG52)="","",INDEX(工程マスタ!$E:$E,$AG52))) | F52: =IF($AG52=0,"",IF(INDEX(工程マスタ!$F:$F,$AG52)="","",INDEX(工程マスタ!$F:$F,$AG52))) | G52: =IF($AG52=0,"",IF(INDEX(工程マスタ!$H:$H,$AG52)="","",INDEX(工程マスタ!$H:$H,$AG52))) | H52: =IF(OR($AG52=0,H$3=""),"",IF(AND(INDEX(工程マスタ!$I:$I,$AG52)="○",$E52>=H$3,$E52<EDATE(H$3,1)),"▼","")) | I52: =IF(OR($AG52=0,I$3=""),"",IF(AND(INDEX(工程マスタ!$I:$I,$AG52)="○",$E52>=I$3,$E52<EDATE(I$3,1)),"▼","")) | J52: =IF(OR($AG52=0,J$3=""),"",IF(AND(INDEX(工程マスタ!$I:$I,$AG52)="○",$E52>=J$3,$E52<EDATE(J$3,1)),"▼","")) | K52: =IF(OR($AG52=0,K$3=""),"",IF(AND(INDEX(工程マスタ!$I:$I,$AG52)="○",$E52>=K$3,$E52<EDATE(K$3,1)),"▼","")) | L52: =IF(OR($AG52=0,L$3=""),"",IF(AND(INDEX(工程マスタ!$I:$I,$AG52)="○",$E52>=L$3,$E52<EDATE(L$3,1)),"▼","")) | M52: =IF(OR($AG52=0,M$3=""),"",IF(AND(INDEX(工程マスタ!$I:$I,$AG52)="○",$E52>=M$3,$E52<EDATE(M$3,1)),"▼","")) | N52: =IF(OR($AG52=0,N$3=""),"",IF(AND(INDEX(工程マスタ!$I:$I,$AG52)="○",$E52>=N$3,$E52<EDATE(N$3,1)),"▼","")) | O52: =IF(OR($AG52=0,O$3=""),"",IF(AND(INDEX(工程マスタ!$I:$I,$AG52)="○",$E52>=O$3,$E52<EDATE(O$3,1)),"▼","")) | ... AE52: =IF(OR($AG52=0,AE$3=""),"",IF(AND(INDEX(工程マスタ!$I:$I,$AG52)="○",$E52>=AE$3,$E52<EDATE(AE$3,1)),"▼","")) | AG52: {=IFERROR(SMALL(IF(工程マスタ!$K$5:$K$154>0,ROW(工程マスタ!$C$5:$C$154)),47),0)} -> 0 | AH52: =IF($AG52=0,0,INDEX(工程マスタ!$M:$M,$AG52)) -> 0
A53: =IF($AG53=0,"",IF(INDEX(工程マスタ!$A:$A,$AG53)="","",INDEX(工程マスタ!$A:$A,$AG53))) | B53: =IF($AG53=0,"",IF(INDEX(工程マスタ!$B:$B,$AG53)="","",INDEX(工程マスタ!$B:$B,$AG53))) | C53: =IF($AG53=0,"",IF(INDEX(工程マスタ!$C:$C,$AG53)="","",INDEX(工程マスタ!$C:$C,$AG53))) | D53: =IF($AG53=0,"",IF(INDEX(工程マスタ!$D:$D,$AG53)="","",INDEX(工程マスタ!$D:$D,$AG53))) | E53: =IF($AG53=0,"",IF(INDEX(工程マスタ!$E:$E,$AG53)="","",INDEX(工程マスタ!$E:$E,$AG53))) | F53: =IF($AG53=0,"",IF(INDEX(工程マスタ!$F:$F,$AG53)="","",INDEX(工程マスタ!$F:$F,$AG53))) | G53: =IF($AG53=0,"",IF(INDEX(工程マスタ!$H:$H,$AG53)="","",INDEX(工程マスタ!$H:$H,$AG53))) | H53: =IF(OR($AG53=0,H$3=""),"",IF(AND(INDEX(工程マスタ!$I:$I,$AG53)="○",$E53>=H$3,$E53<EDATE(H$3,1)),"▼","")) | I53: =IF(OR($AG53=0,I$3=""),"",IF(AND(INDEX(工程マスタ!$I:$I,$AG53)="○",$E53>=I$3,$E53<EDATE(I$3,1)),"▼","")) | J53: =IF(OR($AG53=0,J$3=""),"",IF(AND(INDEX(工程マスタ!$I:$I,$AG53)="○",$E53>=J$3,$E53<EDATE(J$3,1)),"▼","")) | K53: =IF(OR($AG53=0,K$3=""),"",IF(AND(INDEX(工程マスタ!$I:$I,$AG53)="○",$E53>=K$3,$E53<EDATE(K$3,1)),"▼","")) | L53: =IF(OR($AG53=0,L$3=""),"",IF(AND(INDEX(工程マスタ!$I:$I,$AG53)="○",$E53>=L$3,$E53<EDATE(L$3,1)),"▼","")) | M53: =IF(OR($AG53=0,M$3=""),"",IF(AND(INDEX(工程マスタ!$I:$I,$AG53)="○",$E53>=M$3,$E53<EDATE(M$3,1)),"▼","")) | N53: =IF(OR($AG53=0,N$3=""),"",IF(AND(INDEX(工程マスタ!$I:$I,$AG53)="○",$E53>=N$3,$E53<EDATE(N$3,1)),"▼","")) | O53: =IF(OR($AG53=0,O$3=""),"",IF(AND(INDEX(工程マスタ!$I:$I,$AG53)="○",$E53>=O$3,$E53<EDATE(O$3,1)),"▼","")) | ... AE53: =IF(OR($AG53=0,AE$3=""),"",IF(AND(INDEX(工程マスタ!$I:$I,$AG53)="○",$E53>=AE$3,$E53<EDATE(AE$3,1)),"▼","")) | AG53: {=IFERROR(SMALL(IF(工程マスタ!$K$5:$K$154>0,ROW(工程マスタ!$C$5:$C$154)),48),0)} -> 0 | AH53: =IF($AG53=0,0,INDEX(工程マスタ!$M:$M,$AG53)) -> 0
A54: =IF($AG54=0,"",IF(INDEX(工程マスタ!$A:$A,$AG54)="","",INDEX(工程マスタ!$A:$A,$AG54))) | B54: =IF($AG54=0,"",IF(INDEX(工程マスタ!$B:$B,$AG54)="","",INDEX(工程マスタ!$B:$B,$AG54))) | C54: =IF($AG54=0,"",IF(INDEX(工程マスタ!$C:$C,$AG54)="","",INDEX(工程マスタ!$C:$C,$AG54))) | D54: =IF($AG54=0,"",IF(INDEX(工程マスタ!$D:$D,$AG54)="","",INDEX(工程マスタ!$D:$D,$AG54))) | E54: =IF($AG54=0,"",IF(INDEX(工程マスタ!$E:$E,$AG54)="","",INDEX(工程マスタ!$E:$E,$AG54))) | F54: =IF($AG54=0,"",IF(INDEX(工程マスタ!$F:$F,$AG54)="","",INDEX(工程マスタ!$F:$F,$AG54))) | G54: =IF($AG54=0,"",IF(INDEX(工程マスタ!$H:$H,$AG54)="","",INDEX(工程マスタ!$H:$H,$AG54))) | H54: =IF(OR($AG54=0,H$3=""),"",IF(AND(INDEX(工程マスタ!$I:$I,$AG54)="○",$E54>=H$3,$E54<EDATE(H$3,1)),"▼","")) | I54: =IF(OR($AG54=0,I$3=""),"",IF(AND(INDEX(工程マスタ!$I:$I,$AG54)="○",$E54>=I$3,$E54<EDATE(I$3,1)),"▼","")) | J54: =IF(OR($AG54=0,J$3=""),"",IF(AND(INDEX(工程マスタ!$I:$I,$AG54)="○",$E54>=J$3,$E54<EDATE(J$3,1)),"▼","")) | K54: =IF(OR($AG54=0,K$3=""),"",IF(AND(INDEX(工程マスタ!$I:$I,$AG54)="○",$E54>=K$3,$E54<EDATE(K$3,1)),"▼","")) | L54: =IF(OR($AG54=0,L$3=""),"",IF(AND(INDEX(工程マスタ!$I:$I,$AG54)="○",$E54>=L$3,$E54<EDATE(L$3,1)),"▼","")) | M54: =IF(OR($AG54=0,M$3=""),"",IF(AND(INDEX(工程マスタ!$I:$I,$AG54)="○",$E54>=M$3,$E54<EDATE(M$3,1)),"▼","")) | N54: =IF(OR($AG54=0,N$3=""),"",IF(AND(INDEX(工程マスタ!$I:$I,$AG54)="○",$E54>=N$3,$E54<EDATE(N$3,1)),"▼","")) | O54: =IF(OR($AG54=0,O$3=""),"",IF(AND(INDEX(工程マスタ!$I:$I,$AG54)="○",$E54>=O$3,$E54<EDATE(O$3,1)),"▼","")) | ... AE54: =IF(OR($AG54=0,AE$3=""),"",IF(AND(INDEX(工程マスタ!$I:$I,$AG54)="○",$E54>=AE$3,$E54<EDATE(AE$3,1)),"▼","")) | AG54: {=IFERROR(SMALL(IF(工程マスタ!$K$5:$K$154>0,ROW(工程マスタ!$C$5:$C$154)),49),0)} -> 0 | AH54: =IF($AG54=0,0,INDEX(工程マスタ!$M:$M,$AG54)) -> 0
A55: =IF($AG55=0,"",IF(INDEX(工程マスタ!$A:$A,$AG55)="","",INDEX(工程マスタ!$A:$A,$AG55))) | B55: =IF($AG55=0,"",IF(INDEX(工程マスタ!$B:$B,$AG55)="","",INDEX(工程マスタ!$B:$B,$AG55))) | C55: =IF($AG55=0,"",IF(INDEX(工程マスタ!$C:$C,$AG55)="","",INDEX(工程マスタ!$C:$C,$AG55))) | D55: =IF($AG55=0,"",IF(INDEX(工程マスタ!$D:$D,$AG55)="","",INDEX(工程マスタ!$D:$D,$AG55))) | E55: =IF($AG55=0,"",IF(INDEX(工程マスタ!$E:$E,$AG55)="","",INDEX(工程マスタ!$E:$E,$AG55))) | F55: =IF($AG55=0,"",IF(INDEX(工程マスタ!$F:$F,$AG55)="","",INDEX(工程マスタ!$F:$F,$AG55))) | G55: =IF($AG55=0,"",IF(INDEX(工程マスタ!$H:$H,$AG55)="","",INDEX(工程マスタ!$H:$H,$AG55))) | H55: =IF(OR($AG55=0,H$3=""),"",IF(AND(INDEX(工程マスタ!$I:$I,$AG55)="○",$E55>=H$3,$E55<EDATE(H$3,1)),"▼","")) | I55: =IF(OR($AG55=0,I$3=""),"",IF(AND(INDEX(工程マスタ!$I:$I,$AG55)="○",$E55>=I$3,$E55<EDATE(I$3,1)),"▼","")) | J55: =IF(OR($AG55=0,J$3=""),"",IF(AND(INDEX(工程マスタ!$I:$I,$AG55)="○",$E55>=J$3,$E55<EDATE(J$3,1)),"▼","")) | K55: =IF(OR($AG55=0,K$3=""),"",IF(AND(INDEX(工程マスタ!$I:$I,$AG55)="○",$E55>=K$3,$E55<EDATE(K$3,1)),"▼","")) | L55: =IF(OR($AG55=0,L$3=""),"",IF(AND(INDEX(工程マスタ!$I:$I,$AG55)="○",$E55>=L$3,$E55<EDATE(L$3,1)),"▼","")) | M55: =IF(OR($AG55=0,M$3=""),"",IF(AND(INDEX(工程マスタ!$I:$I,$AG55)="○",$E55>=M$3,$E55<EDATE(M$3,1)),"▼","")) | N55: =IF(OR($AG55=0,N$3=""),"",IF(AND(INDEX(工程マスタ!$I:$I,$AG55)="○",$E55>=N$3,$E55<EDATE(N$3,1)),"▼","")) | O55: =IF(OR($AG55=0,O$3=""),"",IF(AND(INDEX(工程マスタ!$I:$I,$AG55)="○",$E55>=O$3,$E55<EDATE(O$3,1)),"▼","")) | ... AE55: =IF(OR($AG55=0,AE$3=""),"",IF(AND(INDEX(工程マスタ!$I:$I,$AG55)="○",$E55>=AE$3,$E55<EDATE(AE$3,1)),"▼","")) | AG55: {=IFERROR(SMALL(IF(工程マスタ!$K$5:$K$154>0,ROW(工程マスタ!$C$5:$C$154)),50),0)} -> 0 | AH55: =IF($AG55=0,0,INDEX(工程マスタ!$M:$M,$AG55)) -> 0
A56: =IF($AG56=0,"",IF(INDEX(工程マスタ!$A:$A,$AG56)="","",INDEX(工程マスタ!$A:$A,$AG56))) | B56: =IF($AG56=0,"",IF(INDEX(工程マスタ!$B:$B,$AG56)="","",INDEX(工程マスタ!$B:$B,$AG56))) | C56: =IF($AG56=0,"",IF(INDEX(工程マスタ!$C:$C,$AG56)="","",INDEX(工程マスタ!$C:$C,$AG56))) | D56: =IF($AG56=0,"",IF(INDEX(工程マスタ!$D:$D,$AG56)="","",INDEX(工程マスタ!$D:$D,$AG56))) | E56: =IF($AG56=0,"",IF(INDEX(工程マスタ!$E:$E,$AG56)="","",INDEX(工程マスタ!$E:$E,$AG56))) | F56: =IF($AG56=0,"",IF(INDEX(工程マスタ!$F:$F,$AG56)="","",INDEX(工程マスタ!$F:$F,$AG56))) | G56: =IF($AG56=0,"",IF(INDEX(工程マスタ!$H:$H,$AG56)="","",INDEX(工程マスタ!$H:$H,$AG56))) | H56: =IF(OR($AG56=0,H$3=""),"",IF(AND(INDEX(工程マスタ!$I:$I,$AG56)="○",$E56>=H$3,$E56<EDATE(H$3,1)),"▼","")) | I56: =IF(OR($AG56=0,I$3=""),"",IF(AND(INDEX(工程マスタ!$I:$I,$AG56)="○",$E56>=I$3,$E56<EDATE(I$3,1)),"▼","")) | J56: =IF(OR($AG56=0,J$3=""),"",IF(AND(INDEX(工程マスタ!$I:$I,$AG56)="○",$E56>=J$3,$E56<EDATE(J$3,1)),"▼","")) | K56: =IF(OR($AG56=0,K$3=""),"",IF(AND(INDEX(工程マスタ!$I:$I,$AG56)="○",$E56>=K$3,$E56<EDATE(K$3,1)),"▼","")) | L56: =IF(OR($AG56=0,L$3=""),"",IF(AND(INDEX(工程マスタ!$I:$I,$AG56)="○",$E56>=L$3,$E56<EDATE(L$3,1)),"▼","")) | M56: =IF(OR($AG56=0,M$3=""),"",IF(AND(INDEX(工程マスタ!$I:$I,$AG56)="○",$E56>=M$3,$E56<EDATE(M$3,1)),"▼","")) | N56: =IF(OR($AG56=0,N$3=""),"",IF(AND(INDEX(工程マスタ!$I:$I,$AG56)="○",$E56>=N$3,$E56<EDATE(N$3,1)),"▼","")) | O56: =IF(OR($AG56=0,O$3=""),"",IF(AND(INDEX(工程マスタ!$I:$I,$AG56)="○",$E56>=O$3,$E56<EDATE(O$3,1)),"▼","")) | ... AE56: =IF(OR($AG56=0,AE$3=""),"",IF(AND(INDEX(工程マスタ!$I:$I,$AG56)="○",$E56>=AE$3,$E56<EDATE(AE$3,1)),"▼","")) | AG56: {=IFERROR(SMALL(IF(工程マスタ!$K$5:$K$154>0,ROW(工程マスタ!$C$5:$C$154)),51),0)} -> 0 | AH56: =IF($AG56=0,0,INDEX(工程マスタ!$M:$M,$AG56)) -> 0
A57: =IF($AG57=0,"",IF(INDEX(工程マスタ!$A:$A,$AG57)="","",INDEX(工程マスタ!$A:$A,$AG57))) | B57: =IF($AG57=0,"",IF(INDEX(工程マスタ!$B:$B,$AG57)="","",INDEX(工程マスタ!$B:$B,$AG57))) | C57: =IF($AG57=0,"",IF(INDEX(工程マスタ!$C:$C,$AG57)="","",INDEX(工程マスタ!$C:$C,$AG57))) | D57: =IF($AG57=0,"",IF(INDEX(工程マスタ!$D:$D,$AG57)="","",INDEX(工程マスタ!$D:$D,$AG57))) | E57: =IF($AG57=0,"",IF(INDEX(工程マスタ!$E:$E,$AG57)="","",INDEX(工程マスタ!$E:$E,$AG57))) | F57: =IF($AG57=0,"",IF(INDEX(工程マスタ!$F:$F,$AG57)="","",INDEX(工程マスタ!$F:$F,$AG57))) | G57: =IF($AG57=0,"",IF(INDEX(工程マスタ!$H:$H,$AG57)="","",INDEX(工程マスタ!$H:$H,$AG57))) | H57: =IF(OR($AG57=0,H$3=""),"",IF(AND(INDEX(工程マスタ!$I:$I,$AG57)="○",$E57>=H$3,$E57<EDATE(H$3,1)),"▼","")) | I57: =IF(OR($AG57=0,I$3=""),"",IF(AND(INDEX(工程マスタ!$I:$I,$AG57)="○",$E57>=I$3,$E57<EDATE(I$3,1)),"▼","")) | J57: =IF(OR($AG57=0,J$3=""),"",IF(AND(INDEX(工程マスタ!$I:$I,$AG57)="○",$E57>=J$3,$E57<EDATE(J$3,1)),"▼","")) | K57: =IF(OR($AG57=0,K$3=""),"",IF(AND(INDEX(工程マスタ!$I:$I,$AG57)="○",$E57>=K$3,$E57<EDATE(K$3,1)),"▼","")) | L57: =IF(OR($AG57=0,L$3=""),"",IF(AND(INDEX(工程マスタ!$I:$I,$AG57)="○",$E57>=L$3,$E57<EDATE(L$3,1)),"▼","")) | M57: =IF(OR($AG57=0,M$3=""),"",IF(AND(INDEX(工程マスタ!$I:$I,$AG57)="○",$E57>=M$3,$E57<EDATE(M$3,1)),"▼","")) | N57: =IF(OR($AG57=0,N$3=""),"",IF(AND(INDEX(工程マスタ!$I:$I,$AG57)="○",$E57>=N$3,$E57<EDATE(N$3,1)),"▼","")) | O57: =IF(OR($AG57=0,O$3=""),"",IF(AND(INDEX(工程マスタ!$I:$I,$AG57)="○",$E57>=O$3,$E57<EDATE(O$3,1)),"▼","")) | ... AE57: =IF(OR($AG57=0,AE$3=""),"",IF(AND(INDEX(工程マスタ!$I:$I,$AG57)="○",$E57>=AE$3,$E57<EDATE(AE$3,1)),"▼","")) | AG57: {=IFERROR(SMALL(IF(工程マスタ!$K$5:$K$154>0,ROW(工程マスタ!$C$5:$C$154)),52),0)} -> 0 | AH57: =IF($AG57=0,0,INDEX(工程マスタ!$M:$M,$AG57)) -> 0
A58: =IF($AG58=0,"",IF(INDEX(工程マスタ!$A:$A,$AG58)="","",INDEX(工程マスタ!$A:$A,$AG58))) | B58: =IF($AG58=0,"",IF(INDEX(工程マスタ!$B:$B,$AG58)="","",INDEX(工程マスタ!$B:$B,$AG58))) | C58: =IF($AG58=0,"",IF(INDEX(工程マスタ!$C:$C,$AG58)="","",INDEX(工程マスタ!$C:$C,$AG58))) | D58: =IF($AG58=0,"",IF(INDEX(工程マスタ!$D:$D,$AG58)="","",INDEX(工程マスタ!$D:$D,$AG58))) | E58: =IF($AG58=0,"",IF(INDEX(工程マスタ!$E:$E,$AG58)="","",INDEX(工程マスタ!$E:$E,$AG58))) | F58: =IF($AG58=0,"",IF(INDEX(工程マスタ!$F:$F,$AG58)="","",INDEX(工程マスタ!$F:$F,$AG58))) | G58: =IF($AG58=0,"",IF(INDEX(工程マスタ!$H:$H,$AG58)="","",INDEX(工程マスタ!$H:$H,$AG58))) | H58: =IF(OR($AG58=0,H$3=""),"",IF(AND(INDEX(工程マスタ!$I:$I,$AG58)="○",$E58>=H$3,$E58<EDATE(H$3,1)),"▼","")) | I58: =IF(OR($AG58=0,I$3=""),"",IF(AND(INDEX(工程マスタ!$I:$I,$AG58)="○",$E58>=I$3,$E58<EDATE(I$3,1)),"▼","")) | J58: =IF(OR($AG58=0,J$3=""),"",IF(AND(INDEX(工程マスタ!$I:$I,$AG58)="○",$E58>=J$3,$E58<EDATE(J$3,1)),"▼","")) | K58: =IF(OR($AG58=0,K$3=""),"",IF(AND(INDEX(工程マスタ!$I:$I,$AG58)="○",$E58>=K$3,$E58<EDATE(K$3,1)),"▼","")) | L58: =IF(OR($AG58=0,L$3=""),"",IF(AND(INDEX(工程マスタ!$I:$I,$AG58)="○",$E58>=L$3,$E58<EDATE(L$3,1)),"▼","")) | M58: =IF(OR($AG58=0,M$3=""),"",IF(AND(INDEX(工程マスタ!$I:$I,$AG58)="○",$E58>=M$3,$E58<EDATE(M$3,1)),"▼","")) | N58: =IF(OR($AG58=0,N$3=""),"",IF(AND(INDEX(工程マスタ!$I:$I,$AG58)="○",$E58>=N$3,$E58<EDATE(N$3,1)),"▼","")) | O58: =IF(OR($AG58=0,O$3=""),"",IF(AND(INDEX(工程マスタ!$I:$I,$AG58)="○",$E58>=O$3,$E58<EDATE(O$3,1)),"▼","")) | ... AE58: =IF(OR($AG58=0,AE$3=""),"",IF(AND(INDEX(工程マスタ!$I:$I,$AG58)="○",$E58>=AE$3,$E58<EDATE(AE$3,1)),"▼","")) | AG58: {=IFERROR(SMALL(IF(工程マスタ!$K$5:$K$154>0,ROW(工程マスタ!$C$5:$C$154)),53),0)} -> 0 | AH58: =IF($AG58=0,0,INDEX(工程マスタ!$M:$M,$AG58)) -> 0
A59: =IF($AG59=0,"",IF(INDEX(工程マスタ!$A:$A,$AG59)="","",INDEX(工程マスタ!$A:$A,$AG59))) | B59: =IF($AG59=0,"",IF(INDEX(工程マスタ!$B:$B,$AG59)="","",INDEX(工程マスタ!$B:$B,$AG59))) | C59: =IF($AG59=0,"",IF(INDEX(工程マスタ!$C:$C,$AG59)="","",INDEX(工程マスタ!$C:$C,$AG59))) | D59: =IF($AG59=0,"",IF(INDEX(工程マスタ!$D:$D,$AG59)="","",INDEX(工程マスタ!$D:$D,$AG59))) | E59: =IF($AG59=0,"",IF(INDEX(工程マスタ!$E:$E,$AG59)="","",INDEX(工程マスタ!$E:$E,$AG59))) | F59: =IF($AG59=0,"",IF(INDEX(工程マスタ!$F:$F,$AG59)="","",INDEX(工程マスタ!$F:$F,$AG59))) | G59: =IF($AG59=0,"",IF(INDEX(工程マスタ!$H:$H,$AG59)="","",INDEX(工程マスタ!$H:$H,$AG59))) | H59: =IF(OR($AG59=0,H$3=""),"",IF(AND(INDEX(工程マスタ!$I:$I,$AG59)="○",$E59>=H$3,$E59<EDATE(H$3,1)),"▼","")) | I59: =IF(OR($AG59=0,I$3=""),"",IF(AND(INDEX(工程マスタ!$I:$I,$AG59)="○",$E59>=I$3,$E59<EDATE(I$3,1)),"▼","")) | J59: =IF(OR($AG59=0,J$3=""),"",IF(AND(INDEX(工程マスタ!$I:$I,$AG59)="○",$E59>=J$3,$E59<EDATE(J$3,1)),"▼","")) | K59: =IF(OR($AG59=0,K$3=""),"",IF(AND(INDEX(工程マスタ!$I:$I,$AG59)="○",$E59>=K$3,$E59<EDATE(K$3,1)),"▼","")) | L59: =IF(OR($AG59=0,L$3=""),"",IF(AND(INDEX(工程マスタ!$I:$I,$AG59)="○",$E59>=L$3,$E59<EDATE(L$3,1)),"▼","")) | M59: =IF(OR($AG59=0,M$3=""),"",IF(AND(INDEX(工程マスタ!$I:$I,$AG59)="○",$E59>=M$3,$E59<EDATE(M$3,1)),"▼","")) | N59: =IF(OR($AG59=0,N$3=""),"",IF(AND(INDEX(工程マスタ!$I:$I,$AG59)="○",$E59>=N$3,$E59<EDATE(N$3,1)),"▼","")) | O59: =IF(OR($AG59=0,O$3=""),"",IF(AND(INDEX(工程マスタ!$I:$I,$AG59)="○",$E59>=O$3,$E59<EDATE(O$3,1)),"▼","")) | ... AE59: =IF(OR($AG59=0,AE$3=""),"",IF(AND(INDEX(工程マスタ!$I:$I,$AG59)="○",$E59>=AE$3,$E59<EDATE(AE$3,1)),"▼","")) | AG59: {=IFERROR(SMALL(IF(工程マスタ!$K$5:$K$154>0,ROW(工程マスタ!$C$5:$C$154)),54),0)} -> 0 | AH59: =IF($AG59=0,0,INDEX(工程マスタ!$M:$M,$AG59)) -> 0
A60: =IF($AG60=0,"",IF(INDEX(工程マスタ!$A:$A,$AG60)="","",INDEX(工程マスタ!$A:$A,$AG60))) | B60: =IF($AG60=0,"",IF(INDEX(工程マスタ!$B:$B,$AG60)="","",INDEX(工程マスタ!$B:$B,$AG60))) | C60: =IF($AG60=0,"",IF(INDEX(工程マスタ!$C:$C,$AG60)="","",INDEX(工程マスタ!$C:$C,$AG60))) | D60: =IF($AG60=0,"",IF(INDEX(工程マスタ!$D:$D,$AG60)="","",INDEX(工程マスタ!$D:$D,$AG60))) | E60: =IF($AG60=0,"",IF(INDEX(工程マスタ!$E:$E,$AG60)="","",INDEX(工程マスタ!$E:$E,$AG60))) | F60: =IF($AG60=0,"",IF(INDEX(工程マスタ!$F:$F,$AG60)="","",INDEX(工程マスタ!$F:$F,$AG60))) | G60: =IF($AG60=0,"",IF(INDEX(工程マスタ!$H:$H,$AG60)="","",INDEX(工程マスタ!$H:$H,$AG60))) | H60: =IF(OR($AG60=0,H$3=""),"",IF(AND(INDEX(工程マスタ!$I:$I,$AG60)="○",$E60>=H$3,$E60<EDATE(H$3,1)),"▼","")) | I60: =IF(OR($AG60=0,I$3=""),"",IF(AND(INDEX(工程マスタ!$I:$I,$AG60)="○",$E60>=I$3,$E60<EDATE(I$3,1)),"▼","")) | J60: =IF(OR($AG60=0,J$3=""),"",IF(AND(INDEX(工程マスタ!$I:$I,$AG60)="○",$E60>=J$3,$E60<EDATE(J$3,1)),"▼","")) | K60: =IF(OR($AG60=0,K$3=""),"",IF(AND(INDEX(工程マスタ!$I:$I,$AG60)="○",$E60>=K$3,$E60<EDATE(K$3,1)),"▼","")) | L60: =IF(OR($AG60=0,L$3=""),"",IF(AND(INDEX(工程マスタ!$I:$I,$AG60)="○",$E60>=L$3,$E60<EDATE(L$3,1)),"▼","")) | M60: =IF(OR($AG60=0,M$3=""),"",IF(AND(INDEX(工程マスタ!$I:$I,$AG60)="○",$E60>=M$3,$E60<EDATE(M$3,1)),"▼","")) | N60: =IF(OR($AG60=0,N$3=""),"",IF(AND(INDEX(工程マスタ!$I:$I,$AG60)="○",$E60>=N$3,$E60<EDATE(N$3,1)),"▼","")) | O60: =IF(OR($AG60=0,O$3=""),"",IF(AND(INDEX(工程マスタ!$I:$I,$AG60)="○",$E60>=O$3,$E60<EDATE(O$3,1)),"▼","")) | ... AE60: =IF(OR($AG60=0,AE$3=""),"",IF(AND(INDEX(工程マスタ!$I:$I,$AG60)="○",$E60>=AE$3,$E60<EDATE(AE$3,1)),"▼","")) | AG60: {=IFERROR(SMALL(IF(工程マスタ!$K$5:$K$154>0,ROW(工程マスタ!$C$5:$C$154)),55),0)} -> 0 | AH60: =IF($AG60=0,0,INDEX(工程マスタ!$M:$M,$AG60)) -> 0
A61: =IF($AG61=0,"",IF(INDEX(工程マスタ!$A:$A,$AG61)="","",INDEX(工程マスタ!$A:$A,$AG61))) | B61: =IF($AG61=0,"",IF(INDEX(工程マスタ!$B:$B,$AG61)="","",INDEX(工程マスタ!$B:$B,$AG61))) | C61: =IF($AG61=0,"",IF(INDEX(工程マスタ!$C:$C,$AG61)="","",INDEX(工程マスタ!$C:$C,$AG61))) | D61: =IF($AG61=0,"",IF(INDEX(工程マスタ!$D:$D,$AG61)="","",INDEX(工程マスタ!$D:$D,$AG61))) | E61: =IF($AG61=0,"",IF(INDEX(工程マスタ!$E:$E,$AG61)="","",INDEX(工程マスタ!$E:$E,$AG61))) | F61: =IF($AG61=0,"",IF(INDEX(工程マスタ!$F:$F,$AG61)="","",INDEX(工程マスタ!$F:$F,$AG61))) | G61: =IF($AG61=0,"",IF(INDEX(工程マスタ!$H:$H,$AG61)="","",INDEX(工程マスタ!$H:$H,$AG61))) | H61: =IF(OR($AG61=0,H$3=""),"",IF(AND(INDEX(工程マスタ!$I:$I,$AG61)="○",$E61>=H$3,$E61<EDATE(H$3,1)),"▼","")) | I61: =IF(OR($AG61=0,I$3=""),"",IF(AND(INDEX(工程マスタ!$I:$I,$AG61)="○",$E61>=I$3,$E61<EDATE(I$3,1)),"▼","")) | J61: =IF(OR($AG61=0,J$3=""),"",IF(AND(INDEX(工程マスタ!$I:$I,$AG61)="○",$E61>=J$3,$E61<EDATE(J$3,1)),"▼","")) | K61: =IF(OR($AG61=0,K$3=""),"",IF(AND(INDEX(工程マスタ!$I:$I,$AG61)="○",$E61>=K$3,$E61<EDATE(K$3,1)),"▼","")) | L61: =IF(OR($AG61=0,L$3=""),"",IF(AND(INDEX(工程マスタ!$I:$I,$AG61)="○",$E61>=L$3,$E61<EDATE(L$3,1)),"▼","")) | M61: =IF(OR($AG61=0,M$3=""),"",IF(AND(INDEX(工程マスタ!$I:$I,$AG61)="○",$E61>=M$3,$E61<EDATE(M$3,1)),"▼","")) | N61: =IF(OR($AG61=0,N$3=""),"",IF(AND(INDEX(工程マスタ!$I:$I,$AG61)="○",$E61>=N$3,$E61<EDATE(N$3,1)),"▼","")) | O61: =IF(OR($AG61=0,O$3=""),"",IF(AND(INDEX(工程マスタ!$I:$I,$AG61)="○",$E61>=O$3,$E61<EDATE(O$3,1)),"▼","")) | ... AE61: =IF(OR($AG61=0,AE$3=""),"",IF(AND(INDEX(工程マスタ!$I:$I,$AG61)="○",$E61>=AE$3,$E61<EDATE(AE$3,1)),"▼","")) | AG61: {=IFERROR(SMALL(IF(工程マスタ!$K$5:$K$154>0,ROW(工程マスタ!$C$5:$C$154)),56),0)} -> 0 | AH61: =IF($AG61=0,0,INDEX(工程マスタ!$M:$M,$AG61)) -> 0
A62: =IF($AG62=0,"",IF(INDEX(工程マスタ!$A:$A,$AG62)="","",INDEX(工程マスタ!$A:$A,$AG62))) | B62: =IF($AG62=0,"",IF(INDEX(工程マスタ!$B:$B,$AG62)="","",INDEX(工程マスタ!$B:$B,$AG62))) | C62: =IF($AG62=0,"",IF(INDEX(工程マスタ!$C:$C,$AG62)="","",INDEX(工程マスタ!$C:$C,$AG62))) | D62: =IF($AG62=0,"",IF(INDEX(工程マスタ!$D:$D,$AG62)="","",INDEX(工程マスタ!$D:$D,$AG62))) | E62: =IF($AG62=0,"",IF(INDEX(工程マスタ!$E:$E,$AG62)="","",INDEX(工程マスタ!$E:$E,$AG62))) | F62: =IF($AG62=0,"",IF(INDEX(工程マスタ!$F:$F,$AG62)="","",INDEX(工程マスタ!$F:$F,$AG62))) | G62: =IF($AG62=0,"",IF(INDEX(工程マスタ!$H:$H,$AG62)="","",INDEX(工程マスタ!$H:$H,$AG62))) | H62: =IF(OR($AG62=0,H$3=""),"",IF(AND(INDEX(工程マスタ!$I:$I,$AG62)="○",$E62>=H$3,$E62<EDATE(H$3,1)),"▼","")) | I62: =IF(OR($AG62=0,I$3=""),"",IF(AND(INDEX(工程マスタ!$I:$I,$AG62)="○",$E62>=I$3,$E62<EDATE(I$3,1)),"▼","")) | J62: =IF(OR($AG62=0,J$3=""),"",IF(AND(INDEX(工程マスタ!$I:$I,$AG62)="○",$E62>=J$3,$E62<EDATE(J$3,1)),"▼","")) | K62: =IF(OR($AG62=0,K$3=""),"",IF(AND(INDEX(工程マスタ!$I:$I,$AG62)="○",$E62>=K$3,$E62<EDATE(K$3,1)),"▼","")) | L62: =IF(OR($AG62=0,L$3=""),"",IF(AND(INDEX(工程マスタ!$I:$I,$AG62)="○",$E62>=L$3,$E62<EDATE(L$3,1)),"▼","")) | M62: =IF(OR($AG62=0,M$3=""),"",IF(AND(INDEX(工程マスタ!$I:$I,$AG62)="○",$E62>=M$3,$E62<EDATE(M$3,1)),"▼","")) | N62: =IF(OR($AG62=0,N$3=""),"",IF(AND(INDEX(工程マスタ!$I:$I,$AG62)="○",$E62>=N$3,$E62<EDATE(N$3,1)),"▼","")) | O62: =IF(OR($AG62=0,O$3=""),"",IF(AND(INDEX(工程マスタ!$I:$I,$AG62)="○",$E62>=O$3,$E62<EDATE(O$3,1)),"▼","")) | ... AE62: =IF(OR($AG62=0,AE$3=""),"",IF(AND(INDEX(工程マスタ!$I:$I,$AG62)="○",$E62>=AE$3,$E62<EDATE(AE$3,1)),"▼","")) | AG62: {=IFERROR(SMALL(IF(工程マスタ!$K$5:$K$154>0,ROW(工程マスタ!$C$5:$C$154)),57),0)} -> 0 | AH62: =IF($AG62=0,0,INDEX(工程マスタ!$M:$M,$AG62)) -> 0
A63: =IF($AG63=0,"",IF(INDEX(工程マスタ!$A:$A,$AG63)="","",INDEX(工程マスタ!$A:$A,$AG63))) | B63: =IF($AG63=0,"",IF(INDEX(工程マスタ!$B:$B,$AG63)="","",INDEX(工程マスタ!$B:$B,$AG63))) | C63: =IF($AG63=0,"",IF(INDEX(工程マスタ!$C:$C,$AG63)="","",INDEX(工程マスタ!$C:$C,$AG63))) | D63: =IF($AG63=0,"",IF(INDEX(工程マスタ!$D:$D,$AG63)="","",INDEX(工程マスタ!$D:$D,$AG63))) | E63: =IF($AG63=0,"",IF(INDEX(工程マスタ!$E:$E,$AG63)="","",INDEX(工程マスタ!$E:$E,$AG63))) | F63: =IF($AG63=0,"",IF(INDEX(工程マスタ!$F:$F,$AG63)="","",INDEX(工程マスタ!$F:$F,$AG63))) | G63: =IF($AG63=0,"",IF(INDEX(工程マスタ!$H:$H,$AG63)="","",INDEX(工程マスタ!$H:$H,$AG63))) | H63: =IF(OR($AG63=0,H$3=""),"",IF(AND(INDEX(工程マスタ!$I:$I,$AG63)="○",$E63>=H$3,$E63<EDATE(H$3,1)),"▼","")) | I63: =IF(OR($AG63=0,I$3=""),"",IF(AND(INDEX(工程マスタ!$I:$I,$AG63)="○",$E63>=I$3,$E63<EDATE(I$3,1)),"▼","")) | J63: =IF(OR($AG63=0,J$3=""),"",IF(AND(INDEX(工程マスタ!$I:$I,$AG63)="○",$E63>=J$3,$E63<EDATE(J$3,1)),"▼","")) | K63: =IF(OR($AG63=0,K$3=""),"",IF(AND(INDEX(工程マスタ!$I:$I,$AG63)="○",$E63>=K$3,$E63<EDATE(K$3,1)),"▼","")) | L63: =IF(OR($AG63=0,L$3=""),"",IF(AND(INDEX(工程マスタ!$I:$I,$AG63)="○",$E63>=L$3,$E63<EDATE(L$3,1)),"▼","")) | M63: =IF(OR($AG63=0,M$3=""),"",IF(AND(INDEX(工程マスタ!$I:$I,$AG63)="○",$E63>=M$3,$E63<EDATE(M$3,1)),"▼","")) | N63: =IF(OR($AG63=0,N$3=""),"",IF(AND(INDEX(工程マスタ!$I:$I,$AG63)="○",$E63>=N$3,$E63<EDATE(N$3,1)),"▼","")) | O63: =IF(OR($AG63=0,O$3=""),"",IF(AND(INDEX(工程マスタ!$I:$I,$AG63)="○",$E63>=O$3,$E63<EDATE(O$3,1)),"▼","")) | ... AE63: =IF(OR($AG63=0,AE$3=""),"",IF(AND(INDEX(工程マスタ!$I:$I,$AG63)="○",$E63>=AE$3,$E63<EDATE(AE$3,1)),"▼","")) | AG63: {=IFERROR(SMALL(IF(工程マスタ!$K$5:$K$154>0,ROW(工程マスタ!$C$5:$C$154)),58),0)} -> 0 | AH63: =IF($AG63=0,0,INDEX(工程マスタ!$M:$M,$AG63)) -> 0
A64: =IF($AG64=0,"",IF(INDEX(工程マスタ!$A:$A,$AG64)="","",INDEX(工程マスタ!$A:$A,$AG64))) | B64: =IF($AG64=0,"",IF(INDEX(工程マスタ!$B:$B,$AG64)="","",INDEX(工程マスタ!$B:$B,$AG64))) | C64: =IF($AG64=0,"",IF(INDEX(工程マスタ!$C:$C,$AG64)="","",INDEX(工程マスタ!$C:$C,$AG64))) | D64: =IF($AG64=0,"",IF(INDEX(工程マスタ!$D:$D,$AG64)="","",INDEX(工程マスタ!$D:$D,$AG64))) | E64: =IF($AG64=0,"",IF(INDEX(工程マスタ!$E:$E,$AG64)="","",INDEX(工程マスタ!$E:$E,$AG64))) | F64: =IF($AG64=0,"",IF(INDEX(工程マスタ!$F:$F,$AG64)="","",INDEX(工程マスタ!$F:$F,$AG64))) | G64: =IF($AG64=0,"",IF(INDEX(工程マスタ!$H:$H,$AG64)="","",INDEX(工程マスタ!$H:$H,$AG64))) | H64: =IF(OR($AG64=0,H$3=""),"",IF(AND(INDEX(工程マスタ!$I:$I,$AG64)="○",$E64>=H$3,$E64<EDATE(H$3,1)),"▼","")) | I64: =IF(OR($AG64=0,I$3=""),"",IF(AND(INDEX(工程マスタ!$I:$I,$AG64)="○",$E64>=I$3,$E64<EDATE(I$3,1)),"▼","")) | J64: =IF(OR($AG64=0,J$3=""),"",IF(AND(INDEX(工程マスタ!$I:$I,$AG64)="○",$E64>=J$3,$E64<EDATE(J$3,1)),"▼","")) | K64: =IF(OR($AG64=0,K$3=""),"",IF(AND(INDEX(工程マスタ!$I:$I,$AG64)="○",$E64>=K$3,$E64<EDATE(K$3,1)),"▼","")) | L64: =IF(OR($AG64=0,L$3=""),"",IF(AND(INDEX(工程マスタ!$I:$I,$AG64)="○",$E64>=L$3,$E64<EDATE(L$3,1)),"▼","")) | M64: =IF(OR($AG64=0,M$3=""),"",IF(AND(INDEX(工程マスタ!$I:$I,$AG64)="○",$E64>=M$3,$E64<EDATE(M$3,1)),"▼","")) | N64: =IF(OR($AG64=0,N$3=""),"",IF(AND(INDEX(工程マスタ!$I:$I,$AG64)="○",$E64>=N$3,$E64<EDATE(N$3,1)),"▼","")) | O64: =IF(OR($AG64=0,O$3=""),"",IF(AND(INDEX(工程マスタ!$I:$I,$AG64)="○",$E64>=O$3,$E64<EDATE(O$3,1)),"▼","")) | ... AE64: =IF(OR($AG64=0,AE$3=""),"",IF(AND(INDEX(工程マスタ!$I:$I,$AG64)="○",$E64>=AE$3,$E64<EDATE(AE$3,1)),"▼","")) | AG64: {=IFERROR(SMALL(IF(工程マスタ!$K$5:$K$154>0,ROW(工程マスタ!$C$5:$C$154)),59),0)} -> 0 | AH64: =IF($AG64=0,0,INDEX(工程マスタ!$M:$M,$AG64)) -> 0
A65: =IF($AG65=0,"",IF(INDEX(工程マスタ!$A:$A,$AG65)="","",INDEX(工程マスタ!$A:$A,$AG65))) | B65: =IF($AG65=0,"",IF(INDEX(工程マスタ!$B:$B,$AG65)="","",INDEX(工程マスタ!$B:$B,$AG65))) | C65: =IF($AG65=0,"",IF(INDEX(工程マスタ!$C:$C,$AG65)="","",INDEX(工程マスタ!$C:$C,$AG65))) | D65: =IF($AG65=0,"",IF(INDEX(工程マスタ!$D:$D,$AG65)="","",INDEX(工程マスタ!$D:$D,$AG65))) | E65: =IF($AG65=0,"",IF(INDEX(工程マスタ!$E:$E,$AG65)="","",INDEX(工程マスタ!$E:$E,$AG65))) | F65: =IF($AG65=0,"",IF(INDEX(工程マスタ!$F:$F,$AG65)="","",INDEX(工程マスタ!$F:$F,$AG65))) | G65: =IF($AG65=0,"",IF(INDEX(工程マスタ!$H:$H,$AG65)="","",INDEX(工程マスタ!$H:$H,$AG65))) | H65: =IF(OR($AG65=0,H$3=""),"",IF(AND(INDEX(工程マスタ!$I:$I,$AG65)="○",$E65>=H$3,$E65<EDATE(H$3,1)),"▼","")) | I65: =IF(OR($AG65=0,I$3=""),"",IF(AND(INDEX(工程マスタ!$I:$I,$AG65)="○",$E65>=I$3,$E65<EDATE(I$3,1)),"▼","")) | J65: =IF(OR($AG65=0,J$3=""),"",IF(AND(INDEX(工程マスタ!$I:$I,$AG65)="○",$E65>=J$3,$E65<EDATE(J$3,1)),"▼","")) | K65: =IF(OR($AG65=0,K$3=""),"",IF(AND(INDEX(工程マスタ!$I:$I,$AG65)="○",$E65>=K$3,$E65<EDATE(K$3,1)),"▼","")) | L65: =IF(OR($AG65=0,L$3=""),"",IF(AND(INDEX(工程マスタ!$I:$I,$AG65)="○",$E65>=L$3,$E65<EDATE(L$3,1)),"▼","")) | M65: =IF(OR($AG65=0,M$3=""),"",IF(AND(INDEX(工程マスタ!$I:$I,$AG65)="○",$E65>=M$3,$E65<EDATE(M$3,1)),"▼","")) | N65: =IF(OR($AG65=0,N$3=""),"",IF(AND(INDEX(工程マスタ!$I:$I,$AG65)="○",$E65>=N$3,$E65<EDATE(N$3,1)),"▼","")) | O65: =IF(OR($AG65=0,O$3=""),"",IF(AND(INDEX(工程マスタ!$I:$I,$AG65)="○",$E65>=O$3,$E65<EDATE(O$3,1)),"▼","")) | ... AE65: =IF(OR($AG65=0,AE$3=""),"",IF(AND(INDEX(工程マスタ!$I:$I,$AG65)="○",$E65>=AE$3,$E65<EDATE(AE$3,1)),"▼","")) | AG65: {=IFERROR(SMALL(IF(工程マスタ!$K$5:$K$154>0,ROW(工程マスタ!$C$5:$C$154)),60),0)} -> 0 | AH65: =IF($AG65=0,0,INDEX(工程マスタ!$M:$M,$AG65)) -> 0
A66: =IF($AG66=0,"",IF(INDEX(工程マスタ!$A:$A,$AG66)="","",INDEX(工程マスタ!$A:$A,$AG66))) | B66: =IF($AG66=0,"",IF(INDEX(工程マスタ!$B:$B,$AG66)="","",INDEX(工程マスタ!$B:$B,$AG66))) | C66: =IF($AG66=0,"",IF(INDEX(工程マスタ!$C:$C,$AG66)="","",INDEX(工程マスタ!$C:$C,$AG66))) | D66: =IF($AG66=0,"",IF(INDEX(工程マスタ!$D:$D,$AG66)="","",INDEX(工程マスタ!$D:$D,$AG66))) | E66: =IF($AG66=0,"",IF(INDEX(工程マスタ!$E:$E,$AG66)="","",INDEX(工程マスタ!$E:$E,$AG66))) | F66: =IF($AG66=0,"",IF(INDEX(工程マスタ!$F:$F,$AG66)="","",INDEX(工程マスタ!$F:$F,$AG66))) | G66: =IF($AG66=0,"",IF(INDEX(工程マスタ!$H:$H,$AG66)="","",INDEX(工程マスタ!$H:$H,$AG66))) | H66: =IF(OR($AG66=0,H$3=""),"",IF(AND(INDEX(工程マスタ!$I:$I,$AG66)="○",$E66>=H$3,$E66<EDATE(H$3,1)),"▼","")) | I66: =IF(OR($AG66=0,I$3=""),"",IF(AND(INDEX(工程マスタ!$I:$I,$AG66)="○",$E66>=I$3,$E66<EDATE(I$3,1)),"▼","")) | J66: =IF(OR($AG66=0,J$3=""),"",IF(AND(INDEX(工程マスタ!$I:$I,$AG66)="○",$E66>=J$3,$E66<EDATE(J$3,1)),"▼","")) | K66: =IF(OR($AG66=0,K$3=""),"",IF(AND(INDEX(工程マスタ!$I:$I,$AG66)="○",$E66>=K$3,$E66<EDATE(K$3,1)),"▼","")) | L66: =IF(OR($AG66=0,L$3=""),"",IF(AND(INDEX(工程マスタ!$I:$I,$AG66)="○",$E66>=L$3,$E66<EDATE(L$3,1)),"▼","")) | M66: =IF(OR($AG66=0,M$3=""),"",IF(AND(INDEX(工程マスタ!$I:$I,$AG66)="○",$E66>=M$3,$E66<EDATE(M$3,1)),"▼","")) | N66: =IF(OR($AG66=0,N$3=""),"",IF(AND(INDEX(工程マスタ!$I:$I,$AG66)="○",$E66>=N$3,$E66<EDATE(N$3,1)),"▼","")) | O66: =IF(OR($AG66=0,O$3=""),"",IF(AND(INDEX(工程マスタ!$I:$I,$AG66)="○",$E66>=O$3,$E66<EDATE(O$3,1)),"▼","")) | ... AE66: =IF(OR($AG66=0,AE$3=""),"",IF(AND(INDEX(工程マスタ!$I:$I,$AG66)="○",$E66>=AE$3,$E66<EDATE(AE$3,1)),"▼","")) | AG66: {=IFERROR(SMALL(IF(工程マスタ!$K$5:$K$154>0,ROW(工程マスタ!$C$5:$C$154)),61),0)} -> 0 | AH66: =IF($AG66=0,0,INDEX(工程マスタ!$M:$M,$AG66)) -> 0
A67: =IF($AG67=0,"",IF(INDEX(工程マスタ!$A:$A,$AG67)="","",INDEX(工程マスタ!$A:$A,$AG67))) | B67: =IF($AG67=0,"",IF(INDEX(工程マスタ!$B:$B,$AG67)="","",INDEX(工程マスタ!$B:$B,$AG67))) | C67: =IF($AG67=0,"",IF(INDEX(工程マスタ!$C:$C,$AG67)="","",INDEX(工程マスタ!$C:$C,$AG67))) | D67: =IF($AG67=0,"",IF(INDEX(工程マスタ!$D:$D,$AG67)="","",INDEX(工程マスタ!$D:$D,$AG67))) | E67: =IF($AG67=0,"",IF(INDEX(工程マスタ!$E:$E,$AG67)="","",INDEX(工程マスタ!$E:$E,$AG67))) | F67: =IF($AG67=0,"",IF(INDEX(工程マスタ!$F:$F,$AG67)="","",INDEX(工程マスタ!$F:$F,$AG67))) | G67: =IF($AG67=0,"",IF(INDEX(工程マスタ!$H:$H,$AG67)="","",INDEX(工程マスタ!$H:$H,$AG67))) | H67: =IF(OR($AG67=0,H$3=""),"",IF(AND(INDEX(工程マスタ!$I:$I,$AG67)="○",$E67>=H$3,$E67<EDATE(H$3,1)),"▼","")) | I67: =IF(OR($AG67=0,I$3=""),"",IF(AND(INDEX(工程マスタ!$I:$I,$AG67)="○",$E67>=I$3,$E67<EDATE(I$3,1)),"▼","")) | J67: =IF(OR($AG67=0,J$3=""),"",IF(AND(INDEX(工程マスタ!$I:$I,$AG67)="○",$E67>=J$3,$E67<EDATE(J$3,1)),"▼","")) | K67: =IF(OR($AG67=0,K$3=""),"",IF(AND(INDEX(工程マスタ!$I:$I,$AG67)="○",$E67>=K$3,$E67<EDATE(K$3,1)),"▼","")) | L67: =IF(OR($AG67=0,L$3=""),"",IF(AND(INDEX(工程マスタ!$I:$I,$AG67)="○",$E67>=L$3,$E67<EDATE(L$3,1)),"▼","")) | M67: =IF(OR($AG67=0,M$3=""),"",IF(AND(INDEX(工程マスタ!$I:$I,$AG67)="○",$E67>=M$3,$E67<EDATE(M$3,1)),"▼","")) | N67: =IF(OR($AG67=0,N$3=""),"",IF(AND(INDEX(工程マスタ!$I:$I,$AG67)="○",$E67>=N$3,$E67<EDATE(N$3,1)),"▼","")) | O67: =IF(OR($AG67=0,O$3=""),"",IF(AND(INDEX(工程マスタ!$I:$I,$AG67)="○",$E67>=O$3,$E67<EDATE(O$3,1)),"▼","")) | ... AE67: =IF(OR($AG67=0,AE$3=""),"",IF(AND(INDEX(工程マスタ!$I:$I,$AG67)="○",$E67>=AE$3,$E67<EDATE(AE$3,1)),"▼","")) | AG67: {=IFERROR(SMALL(IF(工程マスタ!$K$5:$K$154>0,ROW(工程マスタ!$C$5:$C$154)),62),0)} -> 0 | AH67: =IF($AG67=0,0,INDEX(工程マスタ!$M:$M,$AG67)) -> 0
A68: =IF($AG68=0,"",IF(INDEX(工程マスタ!$A:$A,$AG68)="","",INDEX(工程マスタ!$A:$A,$AG68))) | B68: =IF($AG68=0,"",IF(INDEX(工程マスタ!$B:$B,$AG68)="","",INDEX(工程マスタ!$B:$B,$AG68))) | C68: =IF($AG68=0,"",IF(INDEX(工程マスタ!$C:$C,$AG68)="","",INDEX(工程マスタ!$C:$C,$AG68))) | D68: =IF($AG68=0,"",IF(INDEX(工程マスタ!$D:$D,$AG68)="","",INDEX(工程マスタ!$D:$D,$AG68))) | E68: =IF($AG68=0,"",IF(INDEX(工程マスタ!$E:$E,$AG68)="","",INDEX(工程マスタ!$E:$E,$AG68))) | F68: =IF($AG68=0,"",IF(INDEX(工程マスタ!$F:$F,$AG68)="","",INDEX(工程マスタ!$F:$F,$AG68))) | G68: =IF($AG68=0,"",IF(INDEX(工程マスタ!$H:$H,$AG68)="","",INDEX(工程マスタ!$H:$H,$AG68))) | H68: =IF(OR($AG68=0,H$3=""),"",IF(AND(INDEX(工程マスタ!$I:$I,$AG68)="○",$E68>=H$3,$E68<EDATE(H$3,1)),"▼","")) | I68: =IF(OR($AG68=0,I$3=""),"",IF(AND(INDEX(工程マスタ!$I:$I,$AG68)="○",$E68>=I$3,$E68<EDATE(I$3,1)),"▼","")) | J68: =IF(OR($AG68=0,J$3=""),"",IF(AND(INDEX(工程マスタ!$I:$I,$AG68)="○",$E68>=J$3,$E68<EDATE(J$3,1)),"▼","")) | K68: =IF(OR($AG68=0,K$3=""),"",IF(AND(INDEX(工程マスタ!$I:$I,$AG68)="○",$E68>=K$3,$E68<EDATE(K$3,1)),"▼","")) | L68: =IF(OR($AG68=0,L$3=""),"",IF(AND(INDEX(工程マスタ!$I:$I,$AG68)="○",$E68>=L$3,$E68<EDATE(L$3,1)),"▼","")) | M68: =IF(OR($AG68=0,M$3=""),"",IF(AND(INDEX(工程マスタ!$I:$I,$AG68)="○",$E68>=M$3,$E68<EDATE(M$3,1)),"▼","")) | N68: =IF(OR($AG68=0,N$3=""),"",IF(AND(INDEX(工程マスタ!$I:$I,$AG68)="○",$E68>=N$3,$E68<EDATE(N$3,1)),"▼","")) | O68: =IF(OR($AG68=0,O$3=""),"",IF(AND(INDEX(工程マスタ!$I:$I,$AG68)="○",$E68>=O$3,$E68<EDATE(O$3,1)),"▼","")) | ... AE68: =IF(OR($AG68=0,AE$3=""),"",IF(AND(INDEX(工程マスタ!$I:$I,$AG68)="○",$E68>=AE$3,$E68<EDATE(AE$3,1)),"▼","")) | AG68: {=IFERROR(SMALL(IF(工程マスタ!$K$5:$K$154>0,ROW(工程マスタ!$C$5:$C$154)),63),0)} -> 0 | AH68: =IF($AG68=0,0,INDEX(工程マスタ!$M:$M,$AG68)) -> 0
A69: =IF($AG69=0,"",IF(INDEX(工程マスタ!$A:$A,$AG69)="","",INDEX(工程マスタ!$A:$A,$AG69))) | B69: =IF($AG69=0,"",IF(INDEX(工程マスタ!$B:$B,$AG69)="","",INDEX(工程マスタ!$B:$B,$AG69))) | C69: =IF($AG69=0,"",IF(INDEX(工程マスタ!$C:$C,$AG69)="","",INDEX(工程マスタ!$C:$C,$AG69))) | D69: =IF($AG69=0,"",IF(INDEX(工程マスタ!$D:$D,$AG69)="","",INDEX(工程マスタ!$D:$D,$AG69))) | E69: =IF($AG69=0,"",IF(INDEX(工程マスタ!$E:$E,$AG69)="","",INDEX(工程マスタ!$E:$E,$AG69))) | F69: =IF($AG69=0,"",IF(INDEX(工程マスタ!$F:$F,$AG69)="","",INDEX(工程マスタ!$F:$F,$AG69))) | G69: =IF($AG69=0,"",IF(INDEX(工程マスタ!$H:$H,$AG69)="","",INDEX(工程マスタ!$H:$H,$AG69))) | H69: =IF(OR($AG69=0,H$3=""),"",IF(AND(INDEX(工程マスタ!$I:$I,$AG69)="○",$E69>=H$3,$E69<EDATE(H$3,1)),"▼","")) | I69: =IF(OR($AG69=0,I$3=""),"",IF(AND(INDEX(工程マスタ!$I:$I,$AG69)="○",$E69>=I$3,$E69<EDATE(I$3,1)),"▼","")) | J69: =IF(OR($AG69=0,J$3=""),"",IF(AND(INDEX(工程マスタ!$I:$I,$AG69)="○",$E69>=J$3,$E69<EDATE(J$3,1)),"▼","")) | K69: =IF(OR($AG69=0,K$3=""),"",IF(AND(INDEX(工程マスタ!$I:$I,$AG69)="○",$E69>=K$3,$E69<EDATE(K$3,1)),"▼","")) | L69: =IF(OR($AG69=0,L$3=""),"",IF(AND(INDEX(工程マスタ!$I:$I,$AG69)="○",$E69>=L$3,$E69<EDATE(L$3,1)),"▼","")) | M69: =IF(OR($AG69=0,M$3=""),"",IF(AND(INDEX(工程マスタ!$I:$I,$AG69)="○",$E69>=M$3,$E69<EDATE(M$3,1)),"▼","")) | N69: =IF(OR($AG69=0,N$3=""),"",IF(AND(INDEX(工程マスタ!$I:$I,$AG69)="○",$E69>=N$3,$E69<EDATE(N$3,1)),"▼","")) | O69: =IF(OR($AG69=0,O$3=""),"",IF(AND(INDEX(工程マスタ!$I:$I,$AG69)="○",$E69>=O$3,$E69<EDATE(O$3,1)),"▼","")) | ... AE69: =IF(OR($AG69=0,AE$3=""),"",IF(AND(INDEX(工程マスタ!$I:$I,$AG69)="○",$E69>=AE$3,$E69<EDATE(AE$3,1)),"▼","")) | AG69: {=IFERROR(SMALL(IF(工程マスタ!$K$5:$K$154>0,ROW(工程マスタ!$C$5:$C$154)),64),0)} -> 0 | AH69: =IF($AG69=0,0,INDEX(工程マスタ!$M:$M,$AG69)) -> 0
A70: =IF($AG70=0,"",IF(INDEX(工程マスタ!$A:$A,$AG70)="","",INDEX(工程マスタ!$A:$A,$AG70))) | B70: =IF($AG70=0,"",IF(INDEX(工程マスタ!$B:$B,$AG70)="","",INDEX(工程マスタ!$B:$B,$AG70))) | C70: =IF($AG70=0,"",IF(INDEX(工程マスタ!$C:$C,$AG70)="","",INDEX(工程マスタ!$C:$C,$AG70))) | D70: =IF($AG70=0,"",IF(INDEX(工程マスタ!$D:$D,$AG70)="","",INDEX(工程マスタ!$D:$D,$AG70))) | E70: =IF($AG70=0,"",IF(INDEX(工程マスタ!$E:$E,$AG70)="","",INDEX(工程マスタ!$E:$E,$AG70))) | F70: =IF($AG70=0,"",IF(INDEX(工程マスタ!$F:$F,$AG70)="","",INDEX(工程マスタ!$F:$F,$AG70))) | G70: =IF($AG70=0,"",IF(INDEX(工程マスタ!$H:$H,$AG70)="","",INDEX(工程マスタ!$H:$H,$AG70))) | H70: =IF(OR($AG70=0,H$3=""),"",IF(AND(INDEX(工程マスタ!$I:$I,$AG70)="○",$E70>=H$3,$E70<EDATE(H$3,1)),"▼","")) | I70: =IF(OR($AG70=0,I$3=""),"",IF(AND(INDEX(工程マスタ!$I:$I,$AG70)="○",$E70>=I$3,$E70<EDATE(I$3,1)),"▼","")) | J70: =IF(OR($AG70=0,J$3=""),"",IF(AND(INDEX(工程マスタ!$I:$I,$AG70)="○",$E70>=J$3,$E70<EDATE(J$3,1)),"▼","")) | K70: =IF(OR($AG70=0,K$3=""),"",IF(AND(INDEX(工程マスタ!$I:$I,$AG70)="○",$E70>=K$3,$E70<EDATE(K$3,1)),"▼","")) | L70: =IF(OR($AG70=0,L$3=""),"",IF(AND(INDEX(工程マスタ!$I:$I,$AG70)="○",$E70>=L$3,$E70<EDATE(L$3,1)),"▼","")) | M70: =IF(OR($AG70=0,M$3=""),"",IF(AND(INDEX(工程マスタ!$I:$I,$AG70)="○",$E70>=M$3,$E70<EDATE(M$3,1)),"▼","")) | N70: =IF(OR($AG70=0,N$3=""),"",IF(AND(INDEX(工程マスタ!$I:$I,$AG70)="○",$E70>=N$3,$E70<EDATE(N$3,1)),"▼","")) | O70: =IF(OR($AG70=0,O$3=""),"",IF(AND(INDEX(工程マスタ!$I:$I,$AG70)="○",$E70>=O$3,$E70<EDATE(O$3,1)),"▼","")) | ... AE70: =IF(OR($AG70=0,AE$3=""),"",IF(AND(INDEX(工程マスタ!$I:$I,$AG70)="○",$E70>=AE$3,$E70<EDATE(AE$3,1)),"▼","")) | AG70: {=IFERROR(SMALL(IF(工程マスタ!$K$5:$K$154>0,ROW(工程マスタ!$C$5:$C$154)),65),0)} -> 0 | AH70: =IF($AG70=0,0,INDEX(工程マスタ!$M:$M,$AG70)) -> 0
A71: =IF($AG71=0,"",IF(INDEX(工程マスタ!$A:$A,$AG71)="","",INDEX(工程マスタ!$A:$A,$AG71))) | B71: =IF($AG71=0,"",IF(INDEX(工程マスタ!$B:$B,$AG71)="","",INDEX(工程マスタ!$B:$B,$AG71))) | C71: =IF($AG71=0,"",IF(INDEX(工程マスタ!$C:$C,$AG71)="","",INDEX(工程マスタ!$C:$C,$AG71))) | D71: =IF($AG71=0,"",IF(INDEX(工程マスタ!$D:$D,$AG71)="","",INDEX(工程マスタ!$D:$D,$AG71))) | E71: =IF($AG71=0,"",IF(INDEX(工程マスタ!$E:$E,$AG71)="","",INDEX(工程マスタ!$E:$E,$AG71))) | F71: =IF($AG71=0,"",IF(INDEX(工程マスタ!$F:$F,$AG71)="","",INDEX(工程マスタ!$F:$F,$AG71))) | G71: =IF($AG71=0,"",IF(INDEX(工程マスタ!$H:$H,$AG71)="","",INDEX(工程マスタ!$H:$H,$AG71))) | H71: =IF(OR($AG71=0,H$3=""),"",IF(AND(INDEX(工程マスタ!$I:$I,$AG71)="○",$E71>=H$3,$E71<EDATE(H$3,1)),"▼","")) | I71: =IF(OR($AG71=0,I$3=""),"",IF(AND(INDEX(工程マスタ!$I:$I,$AG71)="○",$E71>=I$3,$E71<EDATE(I$3,1)),"▼","")) | J71: =IF(OR($AG71=0,J$3=""),"",IF(AND(INDEX(工程マスタ!$I:$I,$AG71)="○",$E71>=J$3,$E71<EDATE(J$3,1)),"▼","")) | K71: =IF(OR($AG71=0,K$3=""),"",IF(AND(INDEX(工程マスタ!$I:$I,$AG71)="○",$E71>=K$3,$E71<EDATE(K$3,1)),"▼","")) | L71: =IF(OR($AG71=0,L$3=""),"",IF(AND(INDEX(工程マスタ!$I:$I,$AG71)="○",$E71>=L$3,$E71<EDATE(L$3,1)),"▼","")) | M71: =IF(OR($AG71=0,M$3=""),"",IF(AND(INDEX(工程マスタ!$I:$I,$AG71)="○",$E71>=M$3,$E71<EDATE(M$3,1)),"▼","")) | N71: =IF(OR($AG71=0,N$3=""),"",IF(AND(INDEX(工程マスタ!$I:$I,$AG71)="○",$E71>=N$3,$E71<EDATE(N$3,1)),"▼","")) | O71: =IF(OR($AG71=0,O$3=""),"",IF(AND(INDEX(工程マスタ!$I:$I,$AG71)="○",$E71>=O$3,$E71<EDATE(O$3,1)),"▼","")) | ... AE71: =IF(OR($AG71=0,AE$3=""),"",IF(AND(INDEX(工程マスタ!$I:$I,$AG71)="○",$E71>=AE$3,$E71<EDATE(AE$3,1)),"▼","")) | AG71: {=IFERROR(SMALL(IF(工程マスタ!$K$5:$K$154>0,ROW(工程マスタ!$C$5:$C$154)),66),0)} -> 0 | AH71: =IF($AG71=0,0,INDEX(工程マスタ!$M:$M,$AG71)) -> 0
A72: =IF($AG72=0,"",IF(INDEX(工程マスタ!$A:$A,$AG72)="","",INDEX(工程マスタ!$A:$A,$AG72))) | B72: =IF($AG72=0,"",IF(INDEX(工程マスタ!$B:$B,$AG72)="","",INDEX(工程マスタ!$B:$B,$AG72))) | C72: =IF($AG72=0,"",IF(INDEX(工程マスタ!$C:$C,$AG72)="","",INDEX(工程マスタ!$C:$C,$AG72))) | D72: =IF($AG72=0,"",IF(INDEX(工程マスタ!$D:$D,$AG72)="","",INDEX(工程マスタ!$D:$D,$AG72))) | E72: =IF($AG72=0,"",IF(INDEX(工程マスタ!$E:$E,$AG72)="","",INDEX(工程マスタ!$E:$E,$AG72))) | F72: =IF($AG72=0,"",IF(INDEX(工程マスタ!$F:$F,$AG72)="","",INDEX(工程マスタ!$F:$F,$AG72))) | G72: =IF($AG72=0,"",IF(INDEX(工程マスタ!$H:$H,$AG72)="","",INDEX(工程マスタ!$H:$H,$AG72))) | H72: =IF(OR($AG72=0,H$3=""),"",IF(AND(INDEX(工程マスタ!$I:$I,$AG72)="○",$E72>=H$3,$E72<EDATE(H$3,1)),"▼","")) | I72: =IF(OR($AG72=0,I$3=""),"",IF(AND(INDEX(工程マスタ!$I:$I,$AG72)="○",$E72>=I$3,$E72<EDATE(I$3,1)),"▼","")) | J72: =IF(OR($AG72=0,J$3=""),"",IF(AND(INDEX(工程マスタ!$I:$I,$AG72)="○",$E72>=J$3,$E72<EDATE(J$3,1)),"▼","")) | K72: =IF(OR($AG72=0,K$3=""),"",IF(AND(INDEX(工程マスタ!$I:$I,$AG72)="○",$E72>=K$3,$E72<EDATE(K$3,1)),"▼","")) | L72: =IF(OR($AG72=0,L$3=""),"",IF(AND(INDEX(工程マスタ!$I:$I,$AG72)="○",$E72>=L$3,$E72<EDATE(L$3,1)),"▼","")) | M72: =IF(OR($AG72=0,M$3=""),"",IF(AND(INDEX(工程マスタ!$I:$I,$AG72)="○",$E72>=M$3,$E72<EDATE(M$3,1)),"▼","")) | N72: =IF(OR($AG72=0,N$3=""),"",IF(AND(INDEX(工程マスタ!$I:$I,$AG72)="○",$E72>=N$3,$E72<EDATE(N$3,1)),"▼","")) | O72: =IF(OR($AG72=0,O$3=""),"",IF(AND(INDEX(工程マスタ!$I:$I,$AG72)="○",$E72>=O$3,$E72<EDATE(O$3,1)),"▼","")) | ... AE72: =IF(OR($AG72=0,AE$3=""),"",IF(AND(INDEX(工程マスタ!$I:$I,$AG72)="○",$E72>=AE$3,$E72<EDATE(AE$3,1)),"▼","")) | AG72: {=IFERROR(SMALL(IF(工程マスタ!$K$5:$K$154>0,ROW(工程マスタ!$C$5:$C$154)),67),0)} -> 0 | AH72: =IF($AG72=0,0,INDEX(工程マスタ!$M:$M,$AG72)) -> 0
A73: =IF($AG73=0,"",IF(INDEX(工程マスタ!$A:$A,$AG73)="","",INDEX(工程マスタ!$A:$A,$AG73))) | B73: =IF($AG73=0,"",IF(INDEX(工程マスタ!$B:$B,$AG73)="","",INDEX(工程マスタ!$B:$B,$AG73))) | C73: =IF($AG73=0,"",IF(INDEX(工程マスタ!$C:$C,$AG73)="","",INDEX(工程マスタ!$C:$C,$AG73))) | D73: =IF($AG73=0,"",IF(INDEX(工程マスタ!$D:$D,$AG73)="","",INDEX(工程マスタ!$D:$D,$AG73))) | E73: =IF($AG73=0,"",IF(INDEX(工程マスタ!$E:$E,$AG73)="","",INDEX(工程マスタ!$E:$E,$AG73))) | F73: =IF($AG73=0,"",IF(INDEX(工程マスタ!$F:$F,$AG73)="","",INDEX(工程マスタ!$F:$F,$AG73))) | G73: =IF($AG73=0,"",IF(INDEX(工程マスタ!$H:$H,$AG73)="","",INDEX(工程マスタ!$H:$H,$AG73))) | H73: =IF(OR($AG73=0,H$3=""),"",IF(AND(INDEX(工程マスタ!$I:$I,$AG73)="○",$E73>=H$3,$E73<EDATE(H$3,1)),"▼","")) | I73: =IF(OR($AG73=0,I$3=""),"",IF(AND(INDEX(工程マスタ!$I:$I,$AG73)="○",$E73>=I$3,$E73<EDATE(I$3,1)),"▼","")) | J73: =IF(OR($AG73=0,J$3=""),"",IF(AND(INDEX(工程マスタ!$I:$I,$AG73)="○",$E73>=J$3,$E73<EDATE(J$3,1)),"▼","")) | K73: =IF(OR($AG73=0,K$3=""),"",IF(AND(INDEX(工程マスタ!$I:$I,$AG73)="○",$E73>=K$3,$E73<EDATE(K$3,1)),"▼","")) | L73: =IF(OR($AG73=0,L$3=""),"",IF(AND(INDEX(工程マスタ!$I:$I,$AG73)="○",$E73>=L$3,$E73<EDATE(L$3,1)),"▼","")) | M73: =IF(OR($AG73=0,M$3=""),"",IF(AND(INDEX(工程マスタ!$I:$I,$AG73)="○",$E73>=M$3,$E73<EDATE(M$3,1)),"▼","")) | N73: =IF(OR($AG73=0,N$3=""),"",IF(AND(INDEX(工程マスタ!$I:$I,$AG73)="○",$E73>=N$3,$E73<EDATE(N$3,1)),"▼","")) | O73: =IF(OR($AG73=0,O$3=""),"",IF(AND(INDEX(工程マスタ!$I:$I,$AG73)="○",$E73>=O$3,$E73<EDATE(O$3,1)),"▼","")) | ... AE73: =IF(OR($AG73=0,AE$3=""),"",IF(AND(INDEX(工程マスタ!$I:$I,$AG73)="○",$E73>=AE$3,$E73<EDATE(AE$3,1)),"▼","")) | AG73: {=IFERROR(SMALL(IF(工程マスタ!$K$5:$K$154>0,ROW(工程マスタ!$C$5:$C$154)),68),0)} -> 0 | AH73: =IF($AG73=0,0,INDEX(工程マスタ!$M:$M,$AG73)) -> 0
A74: =IF($AG74=0,"",IF(INDEX(工程マスタ!$A:$A,$AG74)="","",INDEX(工程マスタ!$A:$A,$AG74))) | B74: =IF($AG74=0,"",IF(INDEX(工程マスタ!$B:$B,$AG74)="","",INDEX(工程マスタ!$B:$B,$AG74))) | C74: =IF($AG74=0,"",IF(INDEX(工程マスタ!$C:$C,$AG74)="","",INDEX(工程マスタ!$C:$C,$AG74))) | D74: =IF($AG74=0,"",IF(INDEX(工程マスタ!$D:$D,$AG74)="","",INDEX(工程マスタ!$D:$D,$AG74))) | E74: =IF($AG74=0,"",IF(INDEX(工程マスタ!$E:$E,$AG74)="","",INDEX(工程マスタ!$E:$E,$AG74))) | F74: =IF($AG74=0,"",IF(INDEX(工程マスタ!$F:$F,$AG74)="","",INDEX(工程マスタ!$F:$F,$AG74))) | G74: =IF($AG74=0,"",IF(INDEX(工程マスタ!$H:$H,$AG74)="","",INDEX(工程マスタ!$H:$H,$AG74))) | H74: =IF(OR($AG74=0,H$3=""),"",IF(AND(INDEX(工程マスタ!$I:$I,$AG74)="○",$E74>=H$3,$E74<EDATE(H$3,1)),"▼","")) | I74: =IF(OR($AG74=0,I$3=""),"",IF(AND(INDEX(工程マスタ!$I:$I,$AG74)="○",$E74>=I$3,$E74<EDATE(I$3,1)),"▼","")) | J74: =IF(OR($AG74=0,J$3=""),"",IF(AND(INDEX(工程マスタ!$I:$I,$AG74)="○",$E74>=J$3,$E74<EDATE(J$3,1)),"▼","")) | K74: =IF(OR($AG74=0,K$3=""),"",IF(AND(INDEX(工程マスタ!$I:$I,$AG74)="○",$E74>=K$3,$E74<EDATE(K$3,1)),"▼","")) | L74: =IF(OR($AG74=0,L$3=""),"",IF(AND(INDEX(工程マスタ!$I:$I,$AG74)="○",$E74>=L$3,$E74<EDATE(L$3,1)),"▼","")) | M74: =IF(OR($AG74=0,M$3=""),"",IF(AND(INDEX(工程マスタ!$I:$I,$AG74)="○",$E74>=M$3,$E74<EDATE(M$3,1)),"▼","")) | N74: =IF(OR($AG74=0,N$3=""),"",IF(AND(INDEX(工程マスタ!$I:$I,$AG74)="○",$E74>=N$3,$E74<EDATE(N$3,1)),"▼","")) | O74: =IF(OR($AG74=0,O$3=""),"",IF(AND(INDEX(工程マスタ!$I:$I,$AG74)="○",$E74>=O$3,$E74<EDATE(O$3,1)),"▼","")) | ... AE74: =IF(OR($AG74=0,AE$3=""),"",IF(AND(INDEX(工程マスタ!$I:$I,$AG74)="○",$E74>=AE$3,$E74<EDATE(AE$3,1)),"▼","")) | AG74: {=IFERROR(SMALL(IF(工程マスタ!$K$5:$K$154>0,ROW(工程マスタ!$C$5:$C$154)),69),0)} -> 0 | AH74: =IF($AG74=0,0,INDEX(工程マスタ!$M:$M,$AG74)) -> 0
A75: =IF($AG75=0,"",IF(INDEX(工程マスタ!$A:$A,$AG75)="","",INDEX(工程マスタ!$A:$A,$AG75))) | B75: =IF($AG75=0,"",IF(INDEX(工程マスタ!$B:$B,$AG75)="","",INDEX(工程マスタ!$B:$B,$AG75))) | C75: =IF($AG75=0,"",IF(INDEX(工程マスタ!$C:$C,$AG75)="","",INDEX(工程マスタ!$C:$C,$AG75))) | D75: =IF($AG75=0,"",IF(INDEX(工程マスタ!$D:$D,$AG75)="","",INDEX(工程マスタ!$D:$D,$AG75))) | E75: =IF($AG75=0,"",IF(INDEX(工程マスタ!$E:$E,$AG75)="","",INDEX(工程マスタ!$E:$E,$AG75))) | F75: =IF($AG75=0,"",IF(INDEX(工程マスタ!$F:$F,$AG75)="","",INDEX(工程マスタ!$F:$F,$AG75))) | G75: =IF($AG75=0,"",IF(INDEX(工程マスタ!$H:$H,$AG75)="","",INDEX(工程マスタ!$H:$H,$AG75))) | H75: =IF(OR($AG75=0,H$3=""),"",IF(AND(INDEX(工程マスタ!$I:$I,$AG75)="○",$E75>=H$3,$E75<EDATE(H$3,1)),"▼","")) | I75: =IF(OR($AG75=0,I$3=""),"",IF(AND(INDEX(工程マスタ!$I:$I,$AG75)="○",$E75>=I$3,$E75<EDATE(I$3,1)),"▼","")) | J75: =IF(OR($AG75=0,J$3=""),"",IF(AND(INDEX(工程マスタ!$I:$I,$AG75)="○",$E75>=J$3,$E75<EDATE(J$3,1)),"▼","")) | K75: =IF(OR($AG75=0,K$3=""),"",IF(AND(INDEX(工程マスタ!$I:$I,$AG75)="○",$E75>=K$3,$E75<EDATE(K$3,1)),"▼","")) | L75: =IF(OR($AG75=0,L$3=""),"",IF(AND(INDEX(工程マスタ!$I:$I,$AG75)="○",$E75>=L$3,$E75<EDATE(L$3,1)),"▼","")) | M75: =IF(OR($AG75=0,M$3=""),"",IF(AND(INDEX(工程マスタ!$I:$I,$AG75)="○",$E75>=M$3,$E75<EDATE(M$3,1)),"▼","")) | N75: =IF(OR($AG75=0,N$3=""),"",IF(AND(INDEX(工程マスタ!$I:$I,$AG75)="○",$E75>=N$3,$E75<EDATE(N$3,1)),"▼","")) | O75: =IF(OR($AG75=0,O$3=""),"",IF(AND(INDEX(工程マスタ!$I:$I,$AG75)="○",$E75>=O$3,$E75<EDATE(O$3,1)),"▼","")) | ... AE75: =IF(OR($AG75=0,AE$3=""),"",IF(AND(INDEX(工程マスタ!$I:$I,$AG75)="○",$E75>=AE$3,$E75<EDATE(AE$3,1)),"▼","")) | AG75: {=IFERROR(SMALL(IF(工程マスタ!$K$5:$K$154>0,ROW(工程マスタ!$C$5:$C$154)),70),0)} -> 0 | AH75: =IF($AG75=0,0,INDEX(工程マスタ!$M:$M,$AG75)) -> 0
A76: =IF($AG76=0,"",IF(INDEX(工程マスタ!$A:$A,$AG76)="","",INDEX(工程マスタ!$A:$A,$AG76))) | B76: =IF($AG76=0,"",IF(INDEX(工程マスタ!$B:$B,$AG76)="","",INDEX(工程マスタ!$B:$B,$AG76))) | C76: =IF($AG76=0,"",IF(INDEX(工程マスタ!$C:$C,$AG76)="","",INDEX(工程マスタ!$C:$C,$AG76))) | D76: =IF($AG76=0,"",IF(INDEX(工程マスタ!$D:$D,$AG76)="","",INDEX(工程マスタ!$D:$D,$AG76))) | E76: =IF($AG76=0,"",IF(INDEX(工程マスタ!$E:$E,$AG76)="","",INDEX(工程マスタ!$E:$E,$AG76))) | F76: =IF($AG76=0,"",IF(INDEX(工程マスタ!$F:$F,$AG76)="","",INDEX(工程マスタ!$F:$F,$AG76))) | G76: =IF($AG76=0,"",IF(INDEX(工程マスタ!$H:$H,$AG76)="","",INDEX(工程マスタ!$H:$H,$AG76))) | H76: =IF(OR($AG76=0,H$3=""),"",IF(AND(INDEX(工程マスタ!$I:$I,$AG76)="○",$E76>=H$3,$E76<EDATE(H$3,1)),"▼","")) | I76: =IF(OR($AG76=0,I$3=""),"",IF(AND(INDEX(工程マスタ!$I:$I,$AG76)="○",$E76>=I$3,$E76<EDATE(I$3,1)),"▼","")) | J76: =IF(OR($AG76=0,J$3=""),"",IF(AND(INDEX(工程マスタ!$I:$I,$AG76)="○",$E76>=J$3,$E76<EDATE(J$3,1)),"▼","")) | K76: =IF(OR($AG76=0,K$3=""),"",IF(AND(INDEX(工程マスタ!$I:$I,$AG76)="○",$E76>=K$3,$E76<EDATE(K$3,1)),"▼","")) | L76: =IF(OR($AG76=0,L$3=""),"",IF(AND(INDEX(工程マスタ!$I:$I,$AG76)="○",$E76>=L$3,$E76<EDATE(L$3,1)),"▼","")) | M76: =IF(OR($AG76=0,M$3=""),"",IF(AND(INDEX(工程マスタ!$I:$I,$AG76)="○",$E76>=M$3,$E76<EDATE(M$3,1)),"▼","")) | N76: =IF(OR($AG76=0,N$3=""),"",IF(AND(INDEX(工程マスタ!$I:$I,$AG76)="○",$E76>=N$3,$E76<EDATE(N$3,1)),"▼","")) | O76: =IF(OR($AG76=0,O$3=""),"",IF(AND(INDEX(工程マスタ!$I:$I,$AG76)="○",$E76>=O$3,$E76<EDATE(O$3,1)),"▼","")) | ... AE76: =IF(OR($AG76=0,AE$3=""),"",IF(AND(INDEX(工程マスタ!$I:$I,$AG76)="○",$E76>=AE$3,$E76<EDATE(AE$3,1)),"▼","")) | AG76: {=IFERROR(SMALL(IF(工程マスタ!$K$5:$K$154>0,ROW(工程マスタ!$C$5:$C$154)),71),0)} -> 0 | AH76: =IF($AG76=0,0,INDEX(工程マスタ!$M:$M,$AG76)) -> 0
A77: =IF($AG77=0,"",IF(INDEX(工程マスタ!$A:$A,$AG77)="","",INDEX(工程マスタ!$A:$A,$AG77))) | B77: =IF($AG77=0,"",IF(INDEX(工程マスタ!$B:$B,$AG77)="","",INDEX(工程マスタ!$B:$B,$AG77))) | C77: =IF($AG77=0,"",IF(INDEX(工程マスタ!$C:$C,$AG77)="","",INDEX(工程マスタ!$C:$C,$AG77))) | D77: =IF($AG77=0,"",IF(INDEX(工程マスタ!$D:$D,$AG77)="","",INDEX(工程マスタ!$D:$D,$AG77))) | E77: =IF($AG77=0,"",IF(INDEX(工程マスタ!$E:$E,$AG77)="","",INDEX(工程マスタ!$E:$E,$AG77))) | F77: =IF($AG77=0,"",IF(INDEX(工程マスタ!$F:$F,$AG77)="","",INDEX(工程マスタ!$F:$F,$AG77))) | G77: =IF($AG77=0,"",IF(INDEX(工程マスタ!$H:$H,$AG77)="","",INDEX(工程マスタ!$H:$H,$AG77))) | H77: =IF(OR($AG77=0,H$3=""),"",IF(AND(INDEX(工程マスタ!$I:$I,$AG77)="○",$E77>=H$3,$E77<EDATE(H$3,1)),"▼","")) | I77: =IF(OR($AG77=0,I$3=""),"",IF(AND(INDEX(工程マスタ!$I:$I,$AG77)="○",$E77>=I$3,$E77<EDATE(I$3,1)),"▼","")) | J77: =IF(OR($AG77=0,J$3=""),"",IF(AND(INDEX(工程マスタ!$I:$I,$AG77)="○",$E77>=J$3,$E77<EDATE(J$3,1)),"▼","")) | K77: =IF(OR($AG77=0,K$3=""),"",IF(AND(INDEX(工程マスタ!$I:$I,$AG77)="○",$E77>=K$3,$E77<EDATE(K$3,1)),"▼","")) | L77: =IF(OR($AG77=0,L$3=""),"",IF(AND(INDEX(工程マスタ!$I:$I,$AG77)="○",$E77>=L$3,$E77<EDATE(L$3,1)),"▼","")) | M77: =IF(OR($AG77=0,M$3=""),"",IF(AND(INDEX(工程マスタ!$I:$I,$AG77)="○",$E77>=M$3,$E77<EDATE(M$3,1)),"▼","")) | N77: =IF(OR($AG77=0,N$3=""),"",IF(AND(INDEX(工程マスタ!$I:$I,$AG77)="○",$E77>=N$3,$E77<EDATE(N$3,1)),"▼","")) | O77: =IF(OR($AG77=0,O$3=""),"",IF(AND(INDEX(工程マスタ!$I:$I,$AG77)="○",$E77>=O$3,$E77<EDATE(O$3,1)),"▼","")) | ... AE77: =IF(OR($AG77=0,AE$3=""),"",IF(AND(INDEX(工程マスタ!$I:$I,$AG77)="○",$E77>=AE$3,$E77<EDATE(AE$3,1)),"▼","")) | AG77: {=IFERROR(SMALL(IF(工程マスタ!$K$5:$K$154>0,ROW(工程マスタ!$C$5:$C$154)),72),0)} -> 0 | AH77: =IF($AG77=0,0,INDEX(工程マスタ!$M:$M,$AG77)) -> 0
A78: =IF($AG78=0,"",IF(INDEX(工程マスタ!$A:$A,$AG78)="","",INDEX(工程マスタ!$A:$A,$AG78))) | B78: =IF($AG78=0,"",IF(INDEX(工程マスタ!$B:$B,$AG78)="","",INDEX(工程マスタ!$B:$B,$AG78))) | C78: =IF($AG78=0,"",IF(INDEX(工程マスタ!$C:$C,$AG78)="","",INDEX(工程マスタ!$C:$C,$AG78))) | D78: =IF($AG78=0,"",IF(INDEX(工程マスタ!$D:$D,$AG78)="","",INDEX(工程マスタ!$D:$D,$AG78))) | E78: =IF($AG78=0,"",IF(INDEX(工程マスタ!$E:$E,$AG78)="","",INDEX(工程マスタ!$E:$E,$AG78))) | F78: =IF($AG78=0,"",IF(INDEX(工程マスタ!$F:$F,$AG78)="","",INDEX(工程マスタ!$F:$F,$AG78))) | G78: =IF($AG78=0,"",IF(INDEX(工程マスタ!$H:$H,$AG78)="","",INDEX(工程マスタ!$H:$H,$AG78))) | H78: =IF(OR($AG78=0,H$3=""),"",IF(AND(INDEX(工程マスタ!$I:$I,$AG78)="○",$E78>=H$3,$E78<EDATE(H$3,1)),"▼","")) | I78: =IF(OR($AG78=0,I$3=""),"",IF(AND(INDEX(工程マスタ!$I:$I,$AG78)="○",$E78>=I$3,$E78<EDATE(I$3,1)),"▼","")) | J78: =IF(OR($AG78=0,J$3=""),"",IF(AND(INDEX(工程マスタ!$I:$I,$AG78)="○",$E78>=J$3,$E78<EDATE(J$3,1)),"▼","")) | K78: =IF(OR($AG78=0,K$3=""),"",IF(AND(INDEX(工程マスタ!$I:$I,$AG78)="○",$E78>=K$3,$E78<EDATE(K$3,1)),"▼","")) | L78: =IF(OR($AG78=0,L$3=""),"",IF(AND(INDEX(工程マスタ!$I:$I,$AG78)="○",$E78>=L$3,$E78<EDATE(L$3,1)),"▼","")) | M78: =IF(OR($AG78=0,M$3=""),"",IF(AND(INDEX(工程マスタ!$I:$I,$AG78)="○",$E78>=M$3,$E78<EDATE(M$3,1)),"▼","")) | N78: =IF(OR($AG78=0,N$3=""),"",IF(AND(INDEX(工程マスタ!$I:$I,$AG78)="○",$E78>=N$3,$E78<EDATE(N$3,1)),"▼","")) | O78: =IF(OR($AG78=0,O$3=""),"",IF(AND(INDEX(工程マスタ!$I:$I,$AG78)="○",$E78>=O$3,$E78<EDATE(O$3,1)),"▼","")) | ... AE78: =IF(OR($AG78=0,AE$3=""),"",IF(AND(INDEX(工程マスタ!$I:$I,$AG78)="○",$E78>=AE$3,$E78<EDATE(AE$3,1)),"▼","")) | AG78: {=IFERROR(SMALL(IF(工程マスタ!$K$5:$K$154>0,ROW(工程マスタ!$C$5:$C$154)),73),0)} -> 0 | AH78: =IF($AG78=0,0,INDEX(工程マスタ!$M:$M,$AG78)) -> 0
A79: =IF($AG79=0,"",IF(INDEX(工程マスタ!$A:$A,$AG79)="","",INDEX(工程マスタ!$A:$A,$AG79))) | B79: =IF($AG79=0,"",IF(INDEX(工程マスタ!$B:$B,$AG79)="","",INDEX(工程マスタ!$B:$B,$AG79))) | C79: =IF($AG79=0,"",IF(INDEX(工程マスタ!$C:$C,$AG79)="","",INDEX(工程マスタ!$C:$C,$AG79))) | D79: =IF($AG79=0,"",IF(INDEX(工程マスタ!$D:$D,$AG79)="","",INDEX(工程マスタ!$D:$D,$AG79))) | E79: =IF($AG79=0,"",IF(INDEX(工程マスタ!$E:$E,$AG79)="","",INDEX(工程マスタ!$E:$E,$AG79))) | F79: =IF($AG79=0,"",IF(INDEX(工程マスタ!$F:$F,$AG79)="","",INDEX(工程マスタ!$F:$F,$AG79))) | G79: =IF($AG79=0,"",IF(INDEX(工程マスタ!$H:$H,$AG79)="","",INDEX(工程マスタ!$H:$H,$AG79))) | H79: =IF(OR($AG79=0,H$3=""),"",IF(AND(INDEX(工程マスタ!$I:$I,$AG79)="○",$E79>=H$3,$E79<EDATE(H$3,1)),"▼","")) | I79: =IF(OR($AG79=0,I$3=""),"",IF(AND(INDEX(工程マスタ!$I:$I,$AG79)="○",$E79>=I$3,$E79<EDATE(I$3,1)),"▼","")) | J79: =IF(OR($AG79=0,J$3=""),"",IF(AND(INDEX(工程マスタ!$I:$I,$AG79)="○",$E79>=J$3,$E79<EDATE(J$3,1)),"▼","")) | K79: =IF(OR($AG79=0,K$3=""),"",IF(AND(INDEX(工程マスタ!$I:$I,$AG79)="○",$E79>=K$3,$E79<EDATE(K$3,1)),"▼","")) | L79: =IF(OR($AG79=0,L$3=""),"",IF(AND(INDEX(工程マスタ!$I:$I,$AG79)="○",$E79>=L$3,$E79<EDATE(L$3,1)),"▼","")) | M79: =IF(OR($AG79=0,M$3=""),"",IF(AND(INDEX(工程マスタ!$I:$I,$AG79)="○",$E79>=M$3,$E79<EDATE(M$3,1)),"▼","")) | N79: =IF(OR($AG79=0,N$3=""),"",IF(AND(INDEX(工程マスタ!$I:$I,$AG79)="○",$E79>=N$3,$E79<EDATE(N$3,1)),"▼","")) | O79: =IF(OR($AG79=0,O$3=""),"",IF(AND(INDEX(工程マスタ!$I:$I,$AG79)="○",$E79>=O$3,$E79<EDATE(O$3,1)),"▼","")) | ... AE79: =IF(OR($AG79=0,AE$3=""),"",IF(AND(INDEX(工程マスタ!$I:$I,$AG79)="○",$E79>=AE$3,$E79<EDATE(AE$3,1)),"▼","")) | AG79: {=IFERROR(SMALL(IF(工程マスタ!$K$5:$K$154>0,ROW(工程マスタ!$C$5:$C$154)),74),0)} -> 0 | AH79: =IF($AG79=0,0,INDEX(工程マスタ!$M:$M,$AG79)) -> 0
A80: =IF($AG80=0,"",IF(INDEX(工程マスタ!$A:$A,$AG80)="","",INDEX(工程マスタ!$A:$A,$AG80))) | B80: =IF($AG80=0,"",IF(INDEX(工程マスタ!$B:$B,$AG80)="","",INDEX(工程マスタ!$B:$B,$AG80))) | C80: =IF($AG80=0,"",IF(INDEX(工程マスタ!$C:$C,$AG80)="","",INDEX(工程マスタ!$C:$C,$AG80))) | D80: =IF($AG80=0,"",IF(INDEX(工程マスタ!$D:$D,$AG80)="","",INDEX(工程マスタ!$D:$D,$AG80))) | E80: =IF($AG80=0,"",IF(INDEX(工程マスタ!$E:$E,$AG80)="","",INDEX(工程マスタ!$E:$E,$AG80))) | F80: =IF($AG80=0,"",IF(INDEX(工程マスタ!$F:$F,$AG80)="","",INDEX(工程マスタ!$F:$F,$AG80))) | G80: =IF($AG80=0,"",IF(INDEX(工程マスタ!$H:$H,$AG80)="","",INDEX(工程マスタ!$H:$H,$AG80))) | H80: =IF(OR($AG80=0,H$3=""),"",IF(AND(INDEX(工程マスタ!$I:$I,$AG80)="○",$E80>=H$3,$E80<EDATE(H$3,1)),"▼","")) | I80: =IF(OR($AG80=0,I$3=""),"",IF(AND(INDEX(工程マスタ!$I:$I,$AG80)="○",$E80>=I$3,$E80<EDATE(I$3,1)),"▼","")) | J80: =IF(OR($AG80=0,J$3=""),"",IF(AND(INDEX(工程マスタ!$I:$I,$AG80)="○",$E80>=J$3,$E80<EDATE(J$3,1)),"▼","")) | K80: =IF(OR($AG80=0,K$3=""),"",IF(AND(INDEX(工程マスタ!$I:$I,$AG80)="○",$E80>=K$3,$E80<EDATE(K$3,1)),"▼","")) | L80: =IF(OR($AG80=0,L$3=""),"",IF(AND(INDEX(工程マスタ!$I:$I,$AG80)="○",$E80>=L$3,$E80<EDATE(L$3,1)),"▼","")) | M80: =IF(OR($AG80=0,M$3=""),"",IF(AND(INDEX(工程マスタ!$I:$I,$AG80)="○",$E80>=M$3,$E80<EDATE(M$3,1)),"▼","")) | N80: =IF(OR($AG80=0,N$3=""),"",IF(AND(INDEX(工程マスタ!$I:$I,$AG80)="○",$E80>=N$3,$E80<EDATE(N$3,1)),"▼","")) | O80: =IF(OR($AG80=0,O$3=""),"",IF(AND(INDEX(工程マスタ!$I:$I,$AG80)="○",$E80>=O$3,$E80<EDATE(O$3,1)),"▼","")) | ... AE80: =IF(OR($AG80=0,AE$3=""),"",IF(AND(INDEX(工程マスタ!$I:$I,$AG80)="○",$E80>=AE$3,$E80<EDATE(AE$3,1)),"▼","")) | AG80: {=IFERROR(SMALL(IF(工程マスタ!$K$5:$K$154>0,ROW(工程マスタ!$C$5:$C$154)),75),0)} -> 0 | AH80: =IF($AG80=0,0,INDEX(工程マスタ!$M:$M,$AG80)) -> 0
A81: =IF($AG81=0,"",IF(INDEX(工程マスタ!$A:$A,$AG81)="","",INDEX(工程マスタ!$A:$A,$AG81))) | B81: =IF($AG81=0,"",IF(INDEX(工程マスタ!$B:$B,$AG81)="","",INDEX(工程マスタ!$B:$B,$AG81))) | C81: =IF($AG81=0,"",IF(INDEX(工程マスタ!$C:$C,$AG81)="","",INDEX(工程マスタ!$C:$C,$AG81))) | D81: =IF($AG81=0,"",IF(INDEX(工程マスタ!$D:$D,$AG81)="","",INDEX(工程マスタ!$D:$D,$AG81))) | E81: =IF($AG81=0,"",IF(INDEX(工程マスタ!$E:$E,$AG81)="","",INDEX(工程マスタ!$E:$E,$AG81))) | F81: =IF($AG81=0,"",IF(INDEX(工程マスタ!$F:$F,$AG81)="","",INDEX(工程マスタ!$F:$F,$AG81))) | G81: =IF($AG81=0,"",IF(INDEX(工程マスタ!$H:$H,$AG81)="","",INDEX(工程マスタ!$H:$H,$AG81))) | H81: =IF(OR($AG81=0,H$3=""),"",IF(AND(INDEX(工程マスタ!$I:$I,$AG81)="○",$E81>=H$3,$E81<EDATE(H$3,1)),"▼","")) | I81: =IF(OR($AG81=0,I$3=""),"",IF(AND(INDEX(工程マスタ!$I:$I,$AG81)="○",$E81>=I$3,$E81<EDATE(I$3,1)),"▼","")) | J81: =IF(OR($AG81=0,J$3=""),"",IF(AND(INDEX(工程マスタ!$I:$I,$AG81)="○",$E81>=J$3,$E81<EDATE(J$3,1)),"▼","")) | K81: =IF(OR($AG81=0,K$3=""),"",IF(AND(INDEX(工程マスタ!$I:$I,$AG81)="○",$E81>=K$3,$E81<EDATE(K$3,1)),"▼","")) | L81: =IF(OR($AG81=0,L$3=""),"",IF(AND(INDEX(工程マスタ!$I:$I,$AG81)="○",$E81>=L$3,$E81<EDATE(L$3,1)),"▼","")) | M81: =IF(OR($AG81=0,M$3=""),"",IF(AND(INDEX(工程マスタ!$I:$I,$AG81)="○",$E81>=M$3,$E81<EDATE(M$3,1)),"▼","")) | N81: =IF(OR($AG81=0,N$3=""),"",IF(AND(INDEX(工程マスタ!$I:$I,$AG81)="○",$E81>=N$3,$E81<EDATE(N$3,1)),"▼","")) | O81: =IF(OR($AG81=0,O$3=""),"",IF(AND(INDEX(工程マスタ!$I:$I,$AG81)="○",$E81>=O$3,$E81<EDATE(O$3,1)),"▼","")) | ... AE81: =IF(OR($AG81=0,AE$3=""),"",IF(AND(INDEX(工程マスタ!$I:$I,$AG81)="○",$E81>=AE$3,$E81<EDATE(AE$3,1)),"▼","")) | AG81: {=IFERROR(SMALL(IF(工程マスタ!$K$5:$K$154>0,ROW(工程マスタ!$C$5:$C$154)),76),0)} -> 0 | AH81: =IF($AG81=0,0,INDEX(工程マスタ!$M:$M,$AG81)) -> 0
A82: =IF($AG82=0,"",IF(INDEX(工程マスタ!$A:$A,$AG82)="","",INDEX(工程マスタ!$A:$A,$AG82))) | B82: =IF($AG82=0,"",IF(INDEX(工程マスタ!$B:$B,$AG82)="","",INDEX(工程マスタ!$B:$B,$AG82))) | C82: =IF($AG82=0,"",IF(INDEX(工程マスタ!$C:$C,$AG82)="","",INDEX(工程マスタ!$C:$C,$AG82))) | D82: =IF($AG82=0,"",IF(INDEX(工程マスタ!$D:$D,$AG82)="","",INDEX(工程マスタ!$D:$D,$AG82))) | E82: =IF($AG82=0,"",IF(INDEX(工程マスタ!$E:$E,$AG82)="","",INDEX(工程マスタ!$E:$E,$AG82))) | F82: =IF($AG82=0,"",IF(INDEX(工程マスタ!$F:$F,$AG82)="","",INDEX(工程マスタ!$F:$F,$AG82))) | G82: =IF($AG82=0,"",IF(INDEX(工程マスタ!$H:$H,$AG82)="","",INDEX(工程マスタ!$H:$H,$AG82))) | H82: =IF(OR($AG82=0,H$3=""),"",IF(AND(INDEX(工程マスタ!$I:$I,$AG82)="○",$E82>=H$3,$E82<EDATE(H$3,1)),"▼","")) | I82: =IF(OR($AG82=0,I$3=""),"",IF(AND(INDEX(工程マスタ!$I:$I,$AG82)="○",$E82>=I$3,$E82<EDATE(I$3,1)),"▼","")) | J82: =IF(OR($AG82=0,J$3=""),"",IF(AND(INDEX(工程マスタ!$I:$I,$AG82)="○",$E82>=J$3,$E82<EDATE(J$3,1)),"▼","")) | K82: =IF(OR($AG82=0,K$3=""),"",IF(AND(INDEX(工程マスタ!$I:$I,$AG82)="○",$E82>=K$3,$E82<EDATE(K$3,1)),"▼","")) | L82: =IF(OR($AG82=0,L$3=""),"",IF(AND(INDEX(工程マスタ!$I:$I,$AG82)="○",$E82>=L$3,$E82<EDATE(L$3,1)),"▼","")) | M82: =IF(OR($AG82=0,M$3=""),"",IF(AND(INDEX(工程マスタ!$I:$I,$AG82)="○",$E82>=M$3,$E82<EDATE(M$3,1)),"▼","")) | N82: =IF(OR($AG82=0,N$3=""),"",IF(AND(INDEX(工程マスタ!$I:$I,$AG82)="○",$E82>=N$3,$E82<EDATE(N$3,1)),"▼","")) | O82: =IF(OR($AG82=0,O$3=""),"",IF(AND(INDEX(工程マスタ!$I:$I,$AG82)="○",$E82>=O$3,$E82<EDATE(O$3,1)),"▼","")) | ... AE82: =IF(OR($AG82=0,AE$3=""),"",IF(AND(INDEX(工程マスタ!$I:$I,$AG82)="○",$E82>=AE$3,$E82<EDATE(AE$3,1)),"▼","")) | AG82: {=IFERROR(SMALL(IF(工程マスタ!$K$5:$K$154>0,ROW(工程マスタ!$C$5:$C$154)),77),0)} -> 0 | AH82: =IF($AG82=0,0,INDEX(工程マスタ!$M:$M,$AG82)) -> 0
A83: =IF($AG83=0,"",IF(INDEX(工程マスタ!$A:$A,$AG83)="","",INDEX(工程マスタ!$A:$A,$AG83))) | B83: =IF($AG83=0,"",IF(INDEX(工程マスタ!$B:$B,$AG83)="","",INDEX(工程マスタ!$B:$B,$AG83))) | C83: =IF($AG83=0,"",IF(INDEX(工程マスタ!$C:$C,$AG83)="","",INDEX(工程マスタ!$C:$C,$AG83))) | D83: =IF($AG83=0,"",IF(INDEX(工程マスタ!$D:$D,$AG83)="","",INDEX(工程マスタ!$D:$D,$AG83))) | E83: =IF($AG83=0,"",IF(INDEX(工程マスタ!$E:$E,$AG83)="","",INDEX(工程マスタ!$E:$E,$AG83))) | F83: =IF($AG83=0,"",IF(INDEX(工程マスタ!$F:$F,$AG83)="","",INDEX(工程マスタ!$F:$F,$AG83))) | G83: =IF($AG83=0,"",IF(INDEX(工程マスタ!$H:$H,$AG83)="","",INDEX(工程マスタ!$H:$H,$AG83))) | H83: =IF(OR($AG83=0,H$3=""),"",IF(AND(INDEX(工程マスタ!$I:$I,$AG83)="○",$E83>=H$3,$E83<EDATE(H$3,1)),"▼","")) | I83: =IF(OR($AG83=0,I$3=""),"",IF(AND(INDEX(工程マスタ!$I:$I,$AG83)="○",$E83>=I$3,$E83<EDATE(I$3,1)),"▼","")) | J83: =IF(OR($AG83=0,J$3=""),"",IF(AND(INDEX(工程マスタ!$I:$I,$AG83)="○",$E83>=J$3,$E83<EDATE(J$3,1)),"▼","")) | K83: =IF(OR($AG83=0,K$3=""),"",IF(AND(INDEX(工程マスタ!$I:$I,$AG83)="○",$E83>=K$3,$E83<EDATE(K$3,1)),"▼","")) | L83: =IF(OR($AG83=0,L$3=""),"",IF(AND(INDEX(工程マスタ!$I:$I,$AG83)="○",$E83>=L$3,$E83<EDATE(L$3,1)),"▼","")) | M83: =IF(OR($AG83=0,M$3=""),"",IF(AND(INDEX(工程マスタ!$I:$I,$AG83)="○",$E83>=M$3,$E83<EDATE(M$3,1)),"▼","")) | N83: =IF(OR($AG83=0,N$3=""),"",IF(AND(INDEX(工程マスタ!$I:$I,$AG83)="○",$E83>=N$3,$E83<EDATE(N$3,1)),"▼","")) | O83: =IF(OR($AG83=0,O$3=""),"",IF(AND(INDEX(工程マスタ!$I:$I,$AG83)="○",$E83>=O$3,$E83<EDATE(O$3,1)),"▼","")) | ... AE83: =IF(OR($AG83=0,AE$3=""),"",IF(AND(INDEX(工程マスタ!$I:$I,$AG83)="○",$E83>=AE$3,$E83<EDATE(AE$3,1)),"▼","")) | AG83: {=IFERROR(SMALL(IF(工程マスタ!$K$5:$K$154>0,ROW(工程マスタ!$C$5:$C$154)),78),0)} -> 0 | AH83: =IF($AG83=0,0,INDEX(工程マスタ!$M:$M,$AG83)) -> 0
A84: =IF($AG84=0,"",IF(INDEX(工程マスタ!$A:$A,$AG84)="","",INDEX(工程マスタ!$A:$A,$AG84))) | B84: =IF($AG84=0,"",IF(INDEX(工程マスタ!$B:$B,$AG84)="","",INDEX(工程マスタ!$B:$B,$AG84))) | C84: =IF($AG84=0,"",IF(INDEX(工程マスタ!$C:$C,$AG84)="","",INDEX(工程マスタ!$C:$C,$AG84))) | D84: =IF($AG84=0,"",IF(INDEX(工程マスタ!$D:$D,$AG84)="","",INDEX(工程マスタ!$D:$D,$AG84))) | E84: =IF($AG84=0,"",IF(INDEX(工程マスタ!$E:$E,$AG84)="","",INDEX(工程マスタ!$E:$E,$AG84))) | F84: =IF($AG84=0,"",IF(INDEX(工程マスタ!$F:$F,$AG84)="","",INDEX(工程マスタ!$F:$F,$AG84))) | G84: =IF($AG84=0,"",IF(INDEX(工程マスタ!$H:$H,$AG84)="","",INDEX(工程マスタ!$H:$H,$AG84))) | H84: =IF(OR($AG84=0,H$3=""),"",IF(AND(INDEX(工程マスタ!$I:$I,$AG84)="○",$E84>=H$3,$E84<EDATE(H$3,1)),"▼","")) | I84: =IF(OR($AG84=0,I$3=""),"",IF(AND(INDEX(工程マスタ!$I:$I,$AG84)="○",$E84>=I$3,$E84<EDATE(I$3,1)),"▼","")) | J84: =IF(OR($AG84=0,J$3=""),"",IF(AND(INDEX(工程マスタ!$I:$I,$AG84)="○",$E84>=J$3,$E84<EDATE(J$3,1)),"▼","")) | K84: =IF(OR($AG84=0,K$3=""),"",IF(AND(INDEX(工程マスタ!$I:$I,$AG84)="○",$E84>=K$3,$E84<EDATE(K$3,1)),"▼","")) | L84: =IF(OR($AG84=0,L$3=""),"",IF(AND(INDEX(工程マスタ!$I:$I,$AG84)="○",$E84>=L$3,$E84<EDATE(L$3,1)),"▼","")) | M84: =IF(OR($AG84=0,M$3=""),"",IF(AND(INDEX(工程マスタ!$I:$I,$AG84)="○",$E84>=M$3,$E84<EDATE(M$3,1)),"▼","")) | N84: =IF(OR($AG84=0,N$3=""),"",IF(AND(INDEX(工程マスタ!$I:$I,$AG84)="○",$E84>=N$3,$E84<EDATE(N$3,1)),"▼","")) | O84: =IF(OR($AG84=0,O$3=""),"",IF(AND(INDEX(工程マスタ!$I:$I,$AG84)="○",$E84>=O$3,$E84<EDATE(O$3,1)),"▼","")) | ... AE84: =IF(OR($AG84=0,AE$3=""),"",IF(AND(INDEX(工程マスタ!$I:$I,$AG84)="○",$E84>=AE$3,$E84<EDATE(AE$3,1)),"▼","")) | AG84: {=IFERROR(SMALL(IF(工程マスタ!$K$5:$K$154>0,ROW(工程マスタ!$C$5:$C$154)),79),0)} -> 0 | AH84: =IF($AG84=0,0,INDEX(工程マスタ!$M:$M,$AG84)) -> 0
A85: =IF($AG85=0,"",IF(INDEX(工程マスタ!$A:$A,$AG85)="","",INDEX(工程マスタ!$A:$A,$AG85))) | B85: =IF($AG85=0,"",IF(INDEX(工程マスタ!$B:$B,$AG85)="","",INDEX(工程マスタ!$B:$B,$AG85))) | C85: =IF($AG85=0,"",IF(INDEX(工程マスタ!$C:$C,$AG85)="","",INDEX(工程マスタ!$C:$C,$AG85))) | D85: =IF($AG85=0,"",IF(INDEX(工程マスタ!$D:$D,$AG85)="","",INDEX(工程マスタ!$D:$D,$AG85))) | E85: =IF($AG85=0,"",IF(INDEX(工程マスタ!$E:$E,$AG85)="","",INDEX(工程マスタ!$E:$E,$AG85))) | F85: =IF($AG85=0,"",IF(INDEX(工程マスタ!$F:$F,$AG85)="","",INDEX(工程マスタ!$F:$F,$AG85))) | G85: =IF($AG85=0,"",IF(INDEX(工程マスタ!$H:$H,$AG85)="","",INDEX(工程マスタ!$H:$H,$AG85))) | H85: =IF(OR($AG85=0,H$3=""),"",IF(AND(INDEX(工程マスタ!$I:$I,$AG85)="○",$E85>=H$3,$E85<EDATE(H$3,1)),"▼","")) | I85: =IF(OR($AG85=0,I$3=""),"",IF(AND(INDEX(工程マスタ!$I:$I,$AG85)="○",$E85>=I$3,$E85<EDATE(I$3,1)),"▼","")) | J85: =IF(OR($AG85=0,J$3=""),"",IF(AND(INDEX(工程マスタ!$I:$I,$AG85)="○",$E85>=J$3,$E85<EDATE(J$3,1)),"▼","")) | K85: =IF(OR($AG85=0,K$3=""),"",IF(AND(INDEX(工程マスタ!$I:$I,$AG85)="○",$E85>=K$3,$E85<EDATE(K$3,1)),"▼","")) | L85: =IF(OR($AG85=0,L$3=""),"",IF(AND(INDEX(工程マスタ!$I:$I,$AG85)="○",$E85>=L$3,$E85<EDATE(L$3,1)),"▼","")) | M85: =IF(OR($AG85=0,M$3=""),"",IF(AND(INDEX(工程マスタ!$I:$I,$AG85)="○",$E85>=M$3,$E85<EDATE(M$3,1)),"▼","")) | N85: =IF(OR($AG85=0,N$3=""),"",IF(AND(INDEX(工程マスタ!$I:$I,$AG85)="○",$E85>=N$3,$E85<EDATE(N$3,1)),"▼","")) | O85: =IF(OR($AG85=0,O$3=""),"",IF(AND(INDEX(工程マスタ!$I:$I,$AG85)="○",$E85>=O$3,$E85<EDATE(O$3,1)),"▼","")) | ... AE85: =IF(OR($AG85=0,AE$3=""),"",IF(AND(INDEX(工程マスタ!$I:$I,$AG85)="○",$E85>=AE$3,$E85<EDATE(AE$3,1)),"▼","")) | AG85: {=IFERROR(SMALL(IF(工程マスタ!$K$5:$K$154>0,ROW(工程マスタ!$C$5:$C$154)),80),0)} -> 0 | AH85: =IF($AG85=0,0,INDEX(工程マスタ!$M:$M,$AG85)) -> 0
A86: =IF($AG86=0,"",IF(INDEX(工程マスタ!$A:$A,$AG86)="","",INDEX(工程マスタ!$A:$A,$AG86))) | B86: =IF($AG86=0,"",IF(INDEX(工程マスタ!$B:$B,$AG86)="","",INDEX(工程マスタ!$B:$B,$AG86))) | C86: =IF($AG86=0,"",IF(INDEX(工程マスタ!$C:$C,$AG86)="","",INDEX(工程マスタ!$C:$C,$AG86))) | D86: =IF($AG86=0,"",IF(INDEX(工程マスタ!$D:$D,$AG86)="","",INDEX(工程マスタ!$D:$D,$AG86))) | E86: =IF($AG86=0,"",IF(INDEX(工程マスタ!$E:$E,$AG86)="","",INDEX(工程マスタ!$E:$E,$AG86))) | F86: =IF($AG86=0,"",IF(INDEX(工程マスタ!$F:$F,$AG86)="","",INDEX(工程マスタ!$F:$F,$AG86))) | G86: =IF($AG86=0,"",IF(INDEX(工程マスタ!$H:$H,$AG86)="","",INDEX(工程マスタ!$H:$H,$AG86))) | H86: =IF(OR($AG86=0,H$3=""),"",IF(AND(INDEX(工程マスタ!$I:$I,$AG86)="○",$E86>=H$3,$E86<EDATE(H$3,1)),"▼","")) | I86: =IF(OR($AG86=0,I$3=""),"",IF(AND(INDEX(工程マスタ!$I:$I,$AG86)="○",$E86>=I$3,$E86<EDATE(I$3,1)),"▼","")) | J86: =IF(OR($AG86=0,J$3=""),"",IF(AND(INDEX(工程マスタ!$I:$I,$AG86)="○",$E86>=J$3,$E86<EDATE(J$3,1)),"▼","")) | K86: =IF(OR($AG86=0,K$3=""),"",IF(AND(INDEX(工程マスタ!$I:$I,$AG86)="○",$E86>=K$3,$E86<EDATE(K$3,1)),"▼","")) | L86: =IF(OR($AG86=0,L$3=""),"",IF(AND(INDEX(工程マスタ!$I:$I,$AG86)="○",$E86>=L$3,$E86<EDATE(L$3,1)),"▼","")) | M86: =IF(OR($AG86=0,M$3=""),"",IF(AND(INDEX(工程マスタ!$I:$I,$AG86)="○",$E86>=M$3,$E86<EDATE(M$3,1)),"▼","")) | N86: =IF(OR($AG86=0,N$3=""),"",IF(AND(INDEX(工程マスタ!$I:$I,$AG86)="○",$E86>=N$3,$E86<EDATE(N$3,1)),"▼","")) | O86: =IF(OR($AG86=0,O$3=""),"",IF(AND(INDEX(工程マスタ!$I:$I,$AG86)="○",$E86>=O$3,$E86<EDATE(O$3,1)),"▼","")) | ... AE86: =IF(OR($AG86=0,AE$3=""),"",IF(AND(INDEX(工程マスタ!$I:$I,$AG86)="○",$E86>=AE$3,$E86<EDATE(AE$3,1)),"▼","")) | AG86: {=IFERROR(SMALL(IF(工程マスタ!$K$5:$K$154>0,ROW(工程マスタ!$C$5:$C$154)),81),0)} -> 0 | AH86: =IF($AG86=0,0,INDEX(工程マスタ!$M:$M,$AG86)) -> 0
A87: =IF($AG87=0,"",IF(INDEX(工程マスタ!$A:$A,$AG87)="","",INDEX(工程マスタ!$A:$A,$AG87))) | B87: =IF($AG87=0,"",IF(INDEX(工程マスタ!$B:$B,$AG87)="","",INDEX(工程マスタ!$B:$B,$AG87))) | C87: =IF($AG87=0,"",IF(INDEX(工程マスタ!$C:$C,$AG87)="","",INDEX(工程マスタ!$C:$C,$AG87))) | D87: =IF($AG87=0,"",IF(INDEX(工程マスタ!$D:$D,$AG87)="","",INDEX(工程マスタ!$D:$D,$AG87))) | E87: =IF($AG87=0,"",IF(INDEX(工程マスタ!$E:$E,$AG87)="","",INDEX(工程マスタ!$E:$E,$AG87))) | F87: =IF($AG87=0,"",IF(INDEX(工程マスタ!$F:$F,$AG87)="","",INDEX(工程マスタ!$F:$F,$AG87))) | G87: =IF($AG87=0,"",IF(INDEX(工程マスタ!$H:$H,$AG87)="","",INDEX(工程マスタ!$H:$H,$AG87))) | H87: =IF(OR($AG87=0,H$3=""),"",IF(AND(INDEX(工程マスタ!$I:$I,$AG87)="○",$E87>=H$3,$E87<EDATE(H$3,1)),"▼","")) | I87: =IF(OR($AG87=0,I$3=""),"",IF(AND(INDEX(工程マスタ!$I:$I,$AG87)="○",$E87>=I$3,$E87<EDATE(I$3,1)),"▼","")) | J87: =IF(OR($AG87=0,J$3=""),"",IF(AND(INDEX(工程マスタ!$I:$I,$AG87)="○",$E87>=J$3,$E87<EDATE(J$3,1)),"▼","")) | K87: =IF(OR($AG87=0,K$3=""),"",IF(AND(INDEX(工程マスタ!$I:$I,$AG87)="○",$E87>=K$3,$E87<EDATE(K$3,1)),"▼","")) | L87: =IF(OR($AG87=0,L$3=""),"",IF(AND(INDEX(工程マスタ!$I:$I,$AG87)="○",$E87>=L$3,$E87<EDATE(L$3,1)),"▼","")) | M87: =IF(OR($AG87=0,M$3=""),"",IF(AND(INDEX(工程マスタ!$I:$I,$AG87)="○",$E87>=M$3,$E87<EDATE(M$3,1)),"▼","")) | N87: =IF(OR($AG87=0,N$3=""),"",IF(AND(INDEX(工程マスタ!$I:$I,$AG87)="○",$E87>=N$3,$E87<EDATE(N$3,1)),"▼","")) | O87: =IF(OR($AG87=0,O$3=""),"",IF(AND(INDEX(工程マスタ!$I:$I,$AG87)="○",$E87>=O$3,$E87<EDATE(O$3,1)),"▼","")) | ... AE87: =IF(OR($AG87=0,AE$3=""),"",IF(AND(INDEX(工程マスタ!$I:$I,$AG87)="○",$E87>=AE$3,$E87<EDATE(AE$3,1)),"▼","")) | AG87: {=IFERROR(SMALL(IF(工程マスタ!$K$5:$K$154>0,ROW(工程マスタ!$C$5:$C$154)),82),0)} -> 0 | AH87: =IF($AG87=0,0,INDEX(工程マスタ!$M:$M,$AG87)) -> 0
A88: =IF($AG88=0,"",IF(INDEX(工程マスタ!$A:$A,$AG88)="","",INDEX(工程マスタ!$A:$A,$AG88))) | B88: =IF($AG88=0,"",IF(INDEX(工程マスタ!$B:$B,$AG88)="","",INDEX(工程マスタ!$B:$B,$AG88))) | C88: =IF($AG88=0,"",IF(INDEX(工程マスタ!$C:$C,$AG88)="","",INDEX(工程マスタ!$C:$C,$AG88))) | D88: =IF($AG88=0,"",IF(INDEX(工程マスタ!$D:$D,$AG88)="","",INDEX(工程マスタ!$D:$D,$AG88))) | E88: =IF($AG88=0,"",IF(INDEX(工程マスタ!$E:$E,$AG88)="","",INDEX(工程マスタ!$E:$E,$AG88))) | F88: =IF($AG88=0,"",IF(INDEX(工程マスタ!$F:$F,$AG88)="","",INDEX(工程マスタ!$F:$F,$AG88))) | G88: =IF($AG88=0,"",IF(INDEX(工程マスタ!$H:$H,$AG88)="","",INDEX(工程マスタ!$H:$H,$AG88))) | H88: =IF(OR($AG88=0,H$3=""),"",IF(AND(INDEX(工程マスタ!$I:$I,$AG88)="○",$E88>=H$3,$E88<EDATE(H$3,1)),"▼","")) | I88: =IF(OR($AG88=0,I$3=""),"",IF(AND(INDEX(工程マスタ!$I:$I,$AG88)="○",$E88>=I$3,$E88<EDATE(I$3,1)),"▼","")) | J88: =IF(OR($AG88=0,J$3=""),"",IF(AND(INDEX(工程マスタ!$I:$I,$AG88)="○",$E88>=J$3,$E88<EDATE(J$3,1)),"▼","")) | K88: =IF(OR($AG88=0,K$3=""),"",IF(AND(INDEX(工程マスタ!$I:$I,$AG88)="○",$E88>=K$3,$E88<EDATE(K$3,1)),"▼","")) | L88: =IF(OR($AG88=0,L$3=""),"",IF(AND(INDEX(工程マスタ!$I:$I,$AG88)="○",$E88>=L$3,$E88<EDATE(L$3,1)),"▼","")) | M88: =IF(OR($AG88=0,M$3=""),"",IF(AND(INDEX(工程マスタ!$I:$I,$AG88)="○",$E88>=M$3,$E88<EDATE(M$3,1)),"▼","")) | N88: =IF(OR($AG88=0,N$3=""),"",IF(AND(INDEX(工程マスタ!$I:$I,$AG88)="○",$E88>=N$3,$E88<EDATE(N$3,1)),"▼","")) | O88: =IF(OR($AG88=0,O$3=""),"",IF(AND(INDEX(工程マスタ!$I:$I,$AG88)="○",$E88>=O$3,$E88<EDATE(O$3,1)),"▼","")) | ... AE88: =IF(OR($AG88=0,AE$3=""),"",IF(AND(INDEX(工程マスタ!$I:$I,$AG88)="○",$E88>=AE$3,$E88<EDATE(AE$3,1)),"▼","")) | AG88: {=IFERROR(SMALL(IF(工程マスタ!$K$5:$K$154>0,ROW(工程マスタ!$C$5:$C$154)),83),0)} -> 0 | AH88: =IF($AG88=0,0,INDEX(工程マスタ!$M:$M,$AG88)) -> 0
A89: =IF($AG89=0,"",IF(INDEX(工程マスタ!$A:$A,$AG89)="","",INDEX(工程マスタ!$A:$A,$AG89))) | B89: =IF($AG89=0,"",IF(INDEX(工程マスタ!$B:$B,$AG89)="","",INDEX(工程マスタ!$B:$B,$AG89))) | C89: =IF($AG89=0,"",IF(INDEX(工程マスタ!$C:$C,$AG89)="","",INDEX(工程マスタ!$C:$C,$AG89))) | D89: =IF($AG89=0,"",IF(INDEX(工程マスタ!$D:$D,$AG89)="","",INDEX(工程マスタ!$D:$D,$AG89))) | E89: =IF($AG89=0,"",IF(INDEX(工程マスタ!$E:$E,$AG89)="","",INDEX(工程マスタ!$E:$E,$AG89))) | F89: =IF($AG89=0,"",IF(INDEX(工程マスタ!$F:$F,$AG89)="","",INDEX(工程マスタ!$F:$F,$AG89))) | G89: =IF($AG89=0,"",IF(INDEX(工程マスタ!$H:$H,$AG89)="","",INDEX(工程マスタ!$H:$H,$AG89))) | H89: =IF(OR($AG89=0,H$3=""),"",IF(AND(INDEX(工程マスタ!$I:$I,$AG89)="○",$E89>=H$3,$E89<EDATE(H$3,1)),"▼","")) | I89: =IF(OR($AG89=0,I$3=""),"",IF(AND(INDEX(工程マスタ!$I:$I,$AG89)="○",$E89>=I$3,$E89<EDATE(I$3,1)),"▼","")) | J89: =IF(OR($AG89=0,J$3=""),"",IF(AND(INDEX(工程マスタ!$I:$I,$AG89)="○",$E89>=J$3,$E89<EDATE(J$3,1)),"▼","")) | K89: =IF(OR($AG89=0,K$3=""),"",IF(AND(INDEX(工程マスタ!$I:$I,$AG89)="○",$E89>=K$3,$E89<EDATE(K$3,1)),"▼","")) | L89: =IF(OR($AG89=0,L$3=""),"",IF(AND(INDEX(工程マスタ!$I:$I,$AG89)="○",$E89>=L$3,$E89<EDATE(L$3,1)),"▼","")) | M89: =IF(OR($AG89=0,M$3=""),"",IF(AND(INDEX(工程マスタ!$I:$I,$AG89)="○",$E89>=M$3,$E89<EDATE(M$3,1)),"▼","")) | N89: =IF(OR($AG89=0,N$3=""),"",IF(AND(INDEX(工程マスタ!$I:$I,$AG89)="○",$E89>=N$3,$E89<EDATE(N$3,1)),"▼","")) | O89: =IF(OR($AG89=0,O$3=""),"",IF(AND(INDEX(工程マスタ!$I:$I,$AG89)="○",$E89>=O$3,$E89<EDATE(O$3,1)),"▼","")) | ... AE89: =IF(OR($AG89=0,AE$3=""),"",IF(AND(INDEX(工程マスタ!$I:$I,$AG89)="○",$E89>=AE$3,$E89<EDATE(AE$3,1)),"▼","")) | AG89: {=IFERROR(SMALL(IF(工程マスタ!$K$5:$K$154>0,ROW(工程マスタ!$C$5:$C$154)),84),0)} -> 0 | AH89: =IF($AG89=0,0,INDEX(工程マスタ!$M:$M,$AG89)) -> 0
A90: =IF($AG90=0,"",IF(INDEX(工程マスタ!$A:$A,$AG90)="","",INDEX(工程マスタ!$A:$A,$AG90))) | B90: =IF($AG90=0,"",IF(INDEX(工程マスタ!$B:$B,$AG90)="","",INDEX(工程マスタ!$B:$B,$AG90))) | C90: =IF($AG90=0,"",IF(INDEX(工程マスタ!$C:$C,$AG90)="","",INDEX(工程マスタ!$C:$C,$AG90))) | D90: =IF($AG90=0,"",IF(INDEX(工程マスタ!$D:$D,$AG90)="","",INDEX(工程マスタ!$D:$D,$AG90))) | E90: =IF($AG90=0,"",IF(INDEX(工程マスタ!$E:$E,$AG90)="","",INDEX(工程マスタ!$E:$E,$AG90))) | F90: =IF($AG90=0,"",IF(INDEX(工程マスタ!$F:$F,$AG90)="","",INDEX(工程マスタ!$F:$F,$AG90))) | G90: =IF($AG90=0,"",IF(INDEX(工程マスタ!$H:$H,$AG90)="","",INDEX(工程マスタ!$H:$H,$AG90))) | H90: =IF(OR($AG90=0,H$3=""),"",IF(AND(INDEX(工程マスタ!$I:$I,$AG90)="○",$E90>=H$3,$E90<EDATE(H$3,1)),"▼","")) | I90: =IF(OR($AG90=0,I$3=""),"",IF(AND(INDEX(工程マスタ!$I:$I,$AG90)="○",$E90>=I$3,$E90<EDATE(I$3,1)),"▼","")) | J90: =IF(OR($AG90=0,J$3=""),"",IF(AND(INDEX(工程マスタ!$I:$I,$AG90)="○",$E90>=J$3,$E90<EDATE(J$3,1)),"▼","")) | K90: =IF(OR($AG90=0,K$3=""),"",IF(AND(INDEX(工程マスタ!$I:$I,$AG90)="○",$E90>=K$3,$E90<EDATE(K$3,1)),"▼","")) | L90: =IF(OR($AG90=0,L$3=""),"",IF(AND(INDEX(工程マスタ!$I:$I,$AG90)="○",$E90>=L$3,$E90<EDATE(L$3,1)),"▼","")) | M90: =IF(OR($AG90=0,M$3=""),"",IF(AND(INDEX(工程マスタ!$I:$I,$AG90)="○",$E90>=M$3,$E90<EDATE(M$3,1)),"▼","")) | N90: =IF(OR($AG90=0,N$3=""),"",IF(AND(INDEX(工程マスタ!$I:$I,$AG90)="○",$E90>=N$3,$E90<EDATE(N$3,1)),"▼","")) | O90: =IF(OR($AG90=0,O$3=""),"",IF(AND(INDEX(工程マスタ!$I:$I,$AG90)="○",$E90>=O$3,$E90<EDATE(O$3,1)),"▼","")) | ... AE90: =IF(OR($AG90=0,AE$3=""),"",IF(AND(INDEX(工程マスタ!$I:$I,$AG90)="○",$E90>=AE$3,$E90<EDATE(AE$3,1)),"▼","")) | AG90: {=IFERROR(SMALL(IF(工程マスタ!$K$5:$K$154>0,ROW(工程マスタ!$C$5:$C$154)),85),0)} -> 0 | AH90: =IF($AG90=0,0,INDEX(工程マスタ!$M:$M,$AG90)) -> 0
A91: =IF($AG91=0,"",IF(INDEX(工程マスタ!$A:$A,$AG91)="","",INDEX(工程マスタ!$A:$A,$AG91))) | B91: =IF($AG91=0,"",IF(INDEX(工程マスタ!$B:$B,$AG91)="","",INDEX(工程マスタ!$B:$B,$AG91))) | C91: =IF($AG91=0,"",IF(INDEX(工程マスタ!$C:$C,$AG91)="","",INDEX(工程マスタ!$C:$C,$AG91))) | D91: =IF($AG91=0,"",IF(INDEX(工程マスタ!$D:$D,$AG91)="","",INDEX(工程マスタ!$D:$D,$AG91))) | E91: =IF($AG91=0,"",IF(INDEX(工程マスタ!$E:$E,$AG91)="","",INDEX(工程マスタ!$E:$E,$AG91))) | F91: =IF($AG91=0,"",IF(INDEX(工程マスタ!$F:$F,$AG91)="","",INDEX(工程マスタ!$F:$F,$AG91))) | G91: =IF($AG91=0,"",IF(INDEX(工程マスタ!$H:$H,$AG91)="","",INDEX(工程マスタ!$H:$H,$AG91))) | H91: =IF(OR($AG91=0,H$3=""),"",IF(AND(INDEX(工程マスタ!$I:$I,$AG91)="○",$E91>=H$3,$E91<EDATE(H$3,1)),"▼","")) | I91: =IF(OR($AG91=0,I$3=""),"",IF(AND(INDEX(工程マスタ!$I:$I,$AG91)="○",$E91>=I$3,$E91<EDATE(I$3,1)),"▼","")) | J91: =IF(OR($AG91=0,J$3=""),"",IF(AND(INDEX(工程マスタ!$I:$I,$AG91)="○",$E91>=J$3,$E91<EDATE(J$3,1)),"▼","")) | K91: =IF(OR($AG91=0,K$3=""),"",IF(AND(INDEX(工程マスタ!$I:$I,$AG91)="○",$E91>=K$3,$E91<EDATE(K$3,1)),"▼","")) | L91: =IF(OR($AG91=0,L$3=""),"",IF(AND(INDEX(工程マスタ!$I:$I,$AG91)="○",$E91>=L$3,$E91<EDATE(L$3,1)),"▼","")) | M91: =IF(OR($AG91=0,M$3=""),"",IF(AND(INDEX(工程マスタ!$I:$I,$AG91)="○",$E91>=M$3,$E91<EDATE(M$3,1)),"▼","")) | N91: =IF(OR($AG91=0,N$3=""),"",IF(AND(INDEX(工程マスタ!$I:$I,$AG91)="○",$E91>=N$3,$E91<EDATE(N$3,1)),"▼","")) | O91: =IF(OR($AG91=0,O$3=""),"",IF(AND(INDEX(工程マスタ!$I:$I,$AG91)="○",$E91>=O$3,$E91<EDATE(O$3,1)),"▼","")) | ... AE91: =IF(OR($AG91=0,AE$3=""),"",IF(AND(INDEX(工程マスタ!$I:$I,$AG91)="○",$E91>=AE$3,$E91<EDATE(AE$3,1)),"▼","")) | AG91: {=IFERROR(SMALL(IF(工程マスタ!$K$5:$K$154>0,ROW(工程マスタ!$C$5:$C$154)),86),0)} -> 0 | AH91: =IF($AG91=0,0,INDEX(工程マスタ!$M:$M,$AG91)) -> 0
A92: =IF($AG92=0,"",IF(INDEX(工程マスタ!$A:$A,$AG92)="","",INDEX(工程マスタ!$A:$A,$AG92))) | B92: =IF($AG92=0,"",IF(INDEX(工程マスタ!$B:$B,$AG92)="","",INDEX(工程マスタ!$B:$B,$AG92))) | C92: =IF($AG92=0,"",IF(INDEX(工程マスタ!$C:$C,$AG92)="","",INDEX(工程マスタ!$C:$C,$AG92))) | D92: =IF($AG92=0,"",IF(INDEX(工程マスタ!$D:$D,$AG92)="","",INDEX(工程マスタ!$D:$D,$AG92))) | E92: =IF($AG92=0,"",IF(INDEX(工程マスタ!$E:$E,$AG92)="","",INDEX(工程マスタ!$E:$E,$AG92))) | F92: =IF($AG92=0,"",IF(INDEX(工程マスタ!$F:$F,$AG92)="","",INDEX(工程マスタ!$F:$F,$AG92))) | G92: =IF($AG92=0,"",IF(INDEX(工程マスタ!$H:$H,$AG92)="","",INDEX(工程マスタ!$H:$H,$AG92))) | H92: =IF(OR($AG92=0,H$3=""),"",IF(AND(INDEX(工程マスタ!$I:$I,$AG92)="○",$E92>=H$3,$E92<EDATE(H$3,1)),"▼","")) | I92: =IF(OR($AG92=0,I$3=""),"",IF(AND(INDEX(工程マスタ!$I:$I,$AG92)="○",$E92>=I$3,$E92<EDATE(I$3,1)),"▼","")) | J92: =IF(OR($AG92=0,J$3=""),"",IF(AND(INDEX(工程マスタ!$I:$I,$AG92)="○",$E92>=J$3,$E92<EDATE(J$3,1)),"▼","")) | K92: =IF(OR($AG92=0,K$3=""),"",IF(AND(INDEX(工程マスタ!$I:$I,$AG92)="○",$E92>=K$3,$E92<EDATE(K$3,1)),"▼","")) | L92: =IF(OR($AG92=0,L$3=""),"",IF(AND(INDEX(工程マスタ!$I:$I,$AG92)="○",$E92>=L$3,$E92<EDATE(L$3,1)),"▼","")) | M92: =IF(OR($AG92=0,M$3=""),"",IF(AND(INDEX(工程マスタ!$I:$I,$AG92)="○",$E92>=M$3,$E92<EDATE(M$3,1)),"▼","")) | N92: =IF(OR($AG92=0,N$3=""),"",IF(AND(INDEX(工程マスタ!$I:$I,$AG92)="○",$E92>=N$3,$E92<EDATE(N$3,1)),"▼","")) | O92: =IF(OR($AG92=0,O$3=""),"",IF(AND(INDEX(工程マスタ!$I:$I,$AG92)="○",$E92>=O$3,$E92<EDATE(O$3,1)),"▼","")) | ... AE92: =IF(OR($AG92=0,AE$3=""),"",IF(AND(INDEX(工程マスタ!$I:$I,$AG92)="○",$E92>=AE$3,$E92<EDATE(AE$3,1)),"▼","")) | AG92: {=IFERROR(SMALL(IF(工程マスタ!$K$5:$K$154>0,ROW(工程マスタ!$C$5:$C$154)),87),0)} -> 0 | AH92: =IF($AG92=0,0,INDEX(工程マスタ!$M:$M,$AG92)) -> 0
A93: =IF($AG93=0,"",IF(INDEX(工程マスタ!$A:$A,$AG93)="","",INDEX(工程マスタ!$A:$A,$AG93))) | B93: =IF($AG93=0,"",IF(INDEX(工程マスタ!$B:$B,$AG93)="","",INDEX(工程マスタ!$B:$B,$AG93))) | C93: =IF($AG93=0,"",IF(INDEX(工程マスタ!$C:$C,$AG93)="","",INDEX(工程マスタ!$C:$C,$AG93))) | D93: =IF($AG93=0,"",IF(INDEX(工程マスタ!$D:$D,$AG93)="","",INDEX(工程マスタ!$D:$D,$AG93))) | E93: =IF($AG93=0,"",IF(INDEX(工程マスタ!$E:$E,$AG93)="","",INDEX(工程マスタ!$E:$E,$AG93))) | F93: =IF($AG93=0,"",IF(INDEX(工程マスタ!$F:$F,$AG93)="","",INDEX(工程マスタ!$F:$F,$AG93))) | G93: =IF($AG93=0,"",IF(INDEX(工程マスタ!$H:$H,$AG93)="","",INDEX(工程マスタ!$H:$H,$AG93))) | H93: =IF(OR($AG93=0,H$3=""),"",IF(AND(INDEX(工程マスタ!$I:$I,$AG93)="○",$E93>=H$3,$E93<EDATE(H$3,1)),"▼","")) | I93: =IF(OR($AG93=0,I$3=""),"",IF(AND(INDEX(工程マスタ!$I:$I,$AG93)="○",$E93>=I$3,$E93<EDATE(I$3,1)),"▼","")) | J93: =IF(OR($AG93=0,J$3=""),"",IF(AND(INDEX(工程マスタ!$I:$I,$AG93)="○",$E93>=J$3,$E93<EDATE(J$3,1)),"▼","")) | K93: =IF(OR($AG93=0,K$3=""),"",IF(AND(INDEX(工程マスタ!$I:$I,$AG93)="○",$E93>=K$3,$E93<EDATE(K$3,1)),"▼","")) | L93: =IF(OR($AG93=0,L$3=""),"",IF(AND(INDEX(工程マスタ!$I:$I,$AG93)="○",$E93>=L$3,$E93<EDATE(L$3,1)),"▼","")) | M93: =IF(OR($AG93=0,M$3=""),"",IF(AND(INDEX(工程マスタ!$I:$I,$AG93)="○",$E93>=M$3,$E93<EDATE(M$3,1)),"▼","")) | N93: =IF(OR($AG93=0,N$3=""),"",IF(AND(INDEX(工程マスタ!$I:$I,$AG93)="○",$E93>=N$3,$E93<EDATE(N$3,1)),"▼","")) | O93: =IF(OR($AG93=0,O$3=""),"",IF(AND(INDEX(工程マスタ!$I:$I,$AG93)="○",$E93>=O$3,$E93<EDATE(O$3,1)),"▼","")) | ... AE93: =IF(OR($AG93=0,AE$3=""),"",IF(AND(INDEX(工程マスタ!$I:$I,$AG93)="○",$E93>=AE$3,$E93<EDATE(AE$3,1)),"▼","")) | AG93: {=IFERROR(SMALL(IF(工程マスタ!$K$5:$K$154>0,ROW(工程マスタ!$C$5:$C$154)),88),0)} -> 0 | AH93: =IF($AG93=0,0,INDEX(工程マスタ!$M:$M,$AG93)) -> 0
A94: =IF($AG94=0,"",IF(INDEX(工程マスタ!$A:$A,$AG94)="","",INDEX(工程マスタ!$A:$A,$AG94))) | B94: =IF($AG94=0,"",IF(INDEX(工程マスタ!$B:$B,$AG94)="","",INDEX(工程マスタ!$B:$B,$AG94))) | C94: =IF($AG94=0,"",IF(INDEX(工程マスタ!$C:$C,$AG94)="","",INDEX(工程マスタ!$C:$C,$AG94))) | D94: =IF($AG94=0,"",IF(INDEX(工程マスタ!$D:$D,$AG94)="","",INDEX(工程マスタ!$D:$D,$AG94))) | E94: =IF($AG94=0,"",IF(INDEX(工程マスタ!$E:$E,$AG94)="","",INDEX(工程マスタ!$E:$E,$AG94))) | F94: =IF($AG94=0,"",IF(INDEX(工程マスタ!$F:$F,$AG94)="","",INDEX(工程マスタ!$F:$F,$AG94))) | G94: =IF($AG94=0,"",IF(INDEX(工程マスタ!$H:$H,$AG94)="","",INDEX(工程マスタ!$H:$H,$AG94))) | H94: =IF(OR($AG94=0,H$3=""),"",IF(AND(INDEX(工程マスタ!$I:$I,$AG94)="○",$E94>=H$3,$E94<EDATE(H$3,1)),"▼","")) | I94: =IF(OR($AG94=0,I$3=""),"",IF(AND(INDEX(工程マスタ!$I:$I,$AG94)="○",$E94>=I$3,$E94<EDATE(I$3,1)),"▼","")) | J94: =IF(OR($AG94=0,J$3=""),"",IF(AND(INDEX(工程マスタ!$I:$I,$AG94)="○",$E94>=J$3,$E94<EDATE(J$3,1)),"▼","")) | K94: =IF(OR($AG94=0,K$3=""),"",IF(AND(INDEX(工程マスタ!$I:$I,$AG94)="○",$E94>=K$3,$E94<EDATE(K$3,1)),"▼","")) | L94: =IF(OR($AG94=0,L$3=""),"",IF(AND(INDEX(工程マスタ!$I:$I,$AG94)="○",$E94>=L$3,$E94<EDATE(L$3,1)),"▼","")) | M94: =IF(OR($AG94=0,M$3=""),"",IF(AND(INDEX(工程マスタ!$I:$I,$AG94)="○",$E94>=M$3,$E94<EDATE(M$3,1)),"▼","")) | N94: =IF(OR($AG94=0,N$3=""),"",IF(AND(INDEX(工程マスタ!$I:$I,$AG94)="○",$E94>=N$3,$E94<EDATE(N$3,1)),"▼","")) | O94: =IF(OR($AG94=0,O$3=""),"",IF(AND(INDEX(工程マスタ!$I:$I,$AG94)="○",$E94>=O$3,$E94<EDATE(O$3,1)),"▼","")) | ... AE94: =IF(OR($AG94=0,AE$3=""),"",IF(AND(INDEX(工程マスタ!$I:$I,$AG94)="○",$E94>=AE$3,$E94<EDATE(AE$3,1)),"▼","")) | AG94: {=IFERROR(SMALL(IF(工程マスタ!$K$5:$K$154>0,ROW(工程マスタ!$C$5:$C$154)),89),0)} -> 0 | AH94: =IF($AG94=0,0,INDEX(工程マスタ!$M:$M,$AG94)) -> 0
A95: =IF($AG95=0,"",IF(INDEX(工程マスタ!$A:$A,$AG95)="","",INDEX(工程マスタ!$A:$A,$AG95))) | B95: =IF($AG95=0,"",IF(INDEX(工程マスタ!$B:$B,$AG95)="","",INDEX(工程マスタ!$B:$B,$AG95))) | C95: =IF($AG95=0,"",IF(INDEX(工程マスタ!$C:$C,$AG95)="","",INDEX(工程マスタ!$C:$C,$AG95))) | D95: =IF($AG95=0,"",IF(INDEX(工程マスタ!$D:$D,$AG95)="","",INDEX(工程マスタ!$D:$D,$AG95))) | E95: =IF($AG95=0,"",IF(INDEX(工程マスタ!$E:$E,$AG95)="","",INDEX(工程マスタ!$E:$E,$AG95))) | F95: =IF($AG95=0,"",IF(INDEX(工程マスタ!$F:$F,$AG95)="","",INDEX(工程マスタ!$F:$F,$AG95))) | G95: =IF($AG95=0,"",IF(INDEX(工程マスタ!$H:$H,$AG95)="","",INDEX(工程マスタ!$H:$H,$AG95))) | H95: =IF(OR($AG95=0,H$3=""),"",IF(AND(INDEX(工程マスタ!$I:$I,$AG95)="○",$E95>=H$3,$E95<EDATE(H$3,1)),"▼","")) | I95: =IF(OR($AG95=0,I$3=""),"",IF(AND(INDEX(工程マスタ!$I:$I,$AG95)="○",$E95>=I$3,$E95<EDATE(I$3,1)),"▼","")) | J95: =IF(OR($AG95=0,J$3=""),"",IF(AND(INDEX(工程マスタ!$I:$I,$AG95)="○",$E95>=J$3,$E95<EDATE(J$3,1)),"▼","")) | K95: =IF(OR($AG95=0,K$3=""),"",IF(AND(INDEX(工程マスタ!$I:$I,$AG95)="○",$E95>=K$3,$E95<EDATE(K$3,1)),"▼","")) | L95: =IF(OR($AG95=0,L$3=""),"",IF(AND(INDEX(工程マスタ!$I:$I,$AG95)="○",$E95>=L$3,$E95<EDATE(L$3,1)),"▼","")) | M95: =IF(OR($AG95=0,M$3=""),"",IF(AND(INDEX(工程マスタ!$I:$I,$AG95)="○",$E95>=M$3,$E95<EDATE(M$3,1)),"▼","")) | N95: =IF(OR($AG95=0,N$3=""),"",IF(AND(INDEX(工程マスタ!$I:$I,$AG95)="○",$E95>=N$3,$E95<EDATE(N$3,1)),"▼","")) | O95: =IF(OR($AG95=0,O$3=""),"",IF(AND(INDEX(工程マスタ!$I:$I,$AG95)="○",$E95>=O$3,$E95<EDATE(O$3,1)),"▼","")) | ... AE95: =IF(OR($AG95=0,AE$3=""),"",IF(AND(INDEX(工程マスタ!$I:$I,$AG95)="○",$E95>=AE$3,$E95<EDATE(AE$3,1)),"▼","")) | AG95: {=IFERROR(SMALL(IF(工程マスタ!$K$5:$K$154>0,ROW(工程マスタ!$C$5:$C$154)),90),0)} -> 0 | AH95: =IF($AG95=0,0,INDEX(工程マスタ!$M:$M,$AG95)) -> 0
A96: =IF($AG96=0,"",IF(INDEX(工程マスタ!$A:$A,$AG96)="","",INDEX(工程マスタ!$A:$A,$AG96))) | B96: =IF($AG96=0,"",IF(INDEX(工程マスタ!$B:$B,$AG96)="","",INDEX(工程マスタ!$B:$B,$AG96))) | C96: =IF($AG96=0,"",IF(INDEX(工程マスタ!$C:$C,$AG96)="","",INDEX(工程マスタ!$C:$C,$AG96))) | D96: =IF($AG96=0,"",IF(INDEX(工程マスタ!$D:$D,$AG96)="","",INDEX(工程マスタ!$D:$D,$AG96))) | E96: =IF($AG96=0,"",IF(INDEX(工程マスタ!$E:$E,$AG96)="","",INDEX(工程マスタ!$E:$E,$AG96))) | F96: =IF($AG96=0,"",IF(INDEX(工程マスタ!$F:$F,$AG96)="","",INDEX(工程マスタ!$F:$F,$AG96))) | G96: =IF($AG96=0,"",IF(INDEX(工程マスタ!$H:$H,$AG96)="","",INDEX(工程マスタ!$H:$H,$AG96))) | H96: =IF(OR($AG96=0,H$3=""),"",IF(AND(INDEX(工程マスタ!$I:$I,$AG96)="○",$E96>=H$3,$E96<EDATE(H$3,1)),"▼","")) | I96: =IF(OR($AG96=0,I$3=""),"",IF(AND(INDEX(工程マスタ!$I:$I,$AG96)="○",$E96>=I$3,$E96<EDATE(I$3,1)),"▼","")) | J96: =IF(OR($AG96=0,J$3=""),"",IF(AND(INDEX(工程マスタ!$I:$I,$AG96)="○",$E96>=J$3,$E96<EDATE(J$3,1)),"▼","")) | K96: =IF(OR($AG96=0,K$3=""),"",IF(AND(INDEX(工程マスタ!$I:$I,$AG96)="○",$E96>=K$3,$E96<EDATE(K$3,1)),"▼","")) | L96: =IF(OR($AG96=0,L$3=""),"",IF(AND(INDEX(工程マスタ!$I:$I,$AG96)="○",$E96>=L$3,$E96<EDATE(L$3,1)),"▼","")) | M96: =IF(OR($AG96=0,M$3=""),"",IF(AND(INDEX(工程マスタ!$I:$I,$AG96)="○",$E96>=M$3,$E96<EDATE(M$3,1)),"▼","")) | N96: =IF(OR($AG96=0,N$3=""),"",IF(AND(INDEX(工程マスタ!$I:$I,$AG96)="○",$E96>=N$3,$E96<EDATE(N$3,1)),"▼","")) | O96: =IF(OR($AG96=0,O$3=""),"",IF(AND(INDEX(工程マスタ!$I:$I,$AG96)="○",$E96>=O$3,$E96<EDATE(O$3,1)),"▼","")) | ... AE96: =IF(OR($AG96=0,AE$3=""),"",IF(AND(INDEX(工程マスタ!$I:$I,$AG96)="○",$E96>=AE$3,$E96<EDATE(AE$3,1)),"▼","")) | AG96: {=IFERROR(SMALL(IF(工程マスタ!$K$5:$K$154>0,ROW(工程マスタ!$C$5:$C$154)),91),0)} -> 0 | AH96: =IF($AG96=0,0,INDEX(工程マスタ!$M:$M,$AG96)) -> 0
A97: =IF($AG97=0,"",IF(INDEX(工程マスタ!$A:$A,$AG97)="","",INDEX(工程マスタ!$A:$A,$AG97))) | B97: =IF($AG97=0,"",IF(INDEX(工程マスタ!$B:$B,$AG97)="","",INDEX(工程マスタ!$B:$B,$AG97))) | C97: =IF($AG97=0,"",IF(INDEX(工程マスタ!$C:$C,$AG97)="","",INDEX(工程マスタ!$C:$C,$AG97))) | D97: =IF($AG97=0,"",IF(INDEX(工程マスタ!$D:$D,$AG97)="","",INDEX(工程マスタ!$D:$D,$AG97))) | E97: =IF($AG97=0,"",IF(INDEX(工程マスタ!$E:$E,$AG97)="","",INDEX(工程マスタ!$E:$E,$AG97))) | F97: =IF($AG97=0,"",IF(INDEX(工程マスタ!$F:$F,$AG97)="","",INDEX(工程マスタ!$F:$F,$AG97))) | G97: =IF($AG97=0,"",IF(INDEX(工程マスタ!$H:$H,$AG97)="","",INDEX(工程マスタ!$H:$H,$AG97))) | H97: =IF(OR($AG97=0,H$3=""),"",IF(AND(INDEX(工程マスタ!$I:$I,$AG97)="○",$E97>=H$3,$E97<EDATE(H$3,1)),"▼","")) | I97: =IF(OR($AG97=0,I$3=""),"",IF(AND(INDEX(工程マスタ!$I:$I,$AG97)="○",$E97>=I$3,$E97<EDATE(I$3,1)),"▼","")) | J97: =IF(OR($AG97=0,J$3=""),"",IF(AND(INDEX(工程マスタ!$I:$I,$AG97)="○",$E97>=J$3,$E97<EDATE(J$3,1)),"▼","")) | K97: =IF(OR($AG97=0,K$3=""),"",IF(AND(INDEX(工程マスタ!$I:$I,$AG97)="○",$E97>=K$3,$E97<EDATE(K$3,1)),"▼","")) | L97: =IF(OR($AG97=0,L$3=""),"",IF(AND(INDEX(工程マスタ!$I:$I,$AG97)="○",$E97>=L$3,$E97<EDATE(L$3,1)),"▼","")) | M97: =IF(OR($AG97=0,M$3=""),"",IF(AND(INDEX(工程マスタ!$I:$I,$AG97)="○",$E97>=M$3,$E97<EDATE(M$3,1)),"▼","")) | N97: =IF(OR($AG97=0,N$3=""),"",IF(AND(INDEX(工程マスタ!$I:$I,$AG97)="○",$E97>=N$3,$E97<EDATE(N$3,1)),"▼","")) | O97: =IF(OR($AG97=0,O$3=""),"",IF(AND(INDEX(工程マスタ!$I:$I,$AG97)="○",$E97>=O$3,$E97<EDATE(O$3,1)),"▼","")) | ... AE97: =IF(OR($AG97=0,AE$3=""),"",IF(AND(INDEX(工程マスタ!$I:$I,$AG97)="○",$E97>=AE$3,$E97<EDATE(AE$3,1)),"▼","")) | AG97: {=IFERROR(SMALL(IF(工程マスタ!$K$5:$K$154>0,ROW(工程マスタ!$C$5:$C$154)),92),0)} -> 0 | AH97: =IF($AG97=0,0,INDEX(工程マスタ!$M:$M,$AG97)) -> 0
A98: =IF($AG98=0,"",IF(INDEX(工程マスタ!$A:$A,$AG98)="","",INDEX(工程マスタ!$A:$A,$AG98))) | B98: =IF($AG98=0,"",IF(INDEX(工程マスタ!$B:$B,$AG98)="","",INDEX(工程マスタ!$B:$B,$AG98))) | C98: =IF($AG98=0,"",IF(INDEX(工程マスタ!$C:$C,$AG98)="","",INDEX(工程マスタ!$C:$C,$AG98))) | D98: =IF($AG98=0,"",IF(INDEX(工程マスタ!$D:$D,$AG98)="","",INDEX(工程マスタ!$D:$D,$AG98))) | E98: =IF($AG98=0,"",IF(INDEX(工程マスタ!$E:$E,$AG98)="","",INDEX(工程マスタ!$E:$E,$AG98))) | F98: =IF($AG98=0,"",IF(INDEX(工程マスタ!$F:$F,$AG98)="","",INDEX(工程マスタ!$F:$F,$AG98))) | G98: =IF($AG98=0,"",IF(INDEX(工程マスタ!$H:$H,$AG98)="","",INDEX(工程マスタ!$H:$H,$AG98))) | H98: =IF(OR($AG98=0,H$3=""),"",IF(AND(INDEX(工程マスタ!$I:$I,$AG98)="○",$E98>=H$3,$E98<EDATE(H$3,1)),"▼","")) | I98: =IF(OR($AG98=0,I$3=""),"",IF(AND(INDEX(工程マスタ!$I:$I,$AG98)="○",$E98>=I$3,$E98<EDATE(I$3,1)),"▼","")) | J98: =IF(OR($AG98=0,J$3=""),"",IF(AND(INDEX(工程マスタ!$I:$I,$AG98)="○",$E98>=J$3,$E98<EDATE(J$3,1)),"▼","")) | K98: =IF(OR($AG98=0,K$3=""),"",IF(AND(INDEX(工程マスタ!$I:$I,$AG98)="○",$E98>=K$3,$E98<EDATE(K$3,1)),"▼","")) | L98: =IF(OR($AG98=0,L$3=""),"",IF(AND(INDEX(工程マスタ!$I:$I,$AG98)="○",$E98>=L$3,$E98<EDATE(L$3,1)),"▼","")) | M98: =IF(OR($AG98=0,M$3=""),"",IF(AND(INDEX(工程マスタ!$I:$I,$AG98)="○",$E98>=M$3,$E98<EDATE(M$3,1)),"▼","")) | N98: =IF(OR($AG98=0,N$3=""),"",IF(AND(INDEX(工程マスタ!$I:$I,$AG98)="○",$E98>=N$3,$E98<EDATE(N$3,1)),"▼","")) | O98: =IF(OR($AG98=0,O$3=""),"",IF(AND(INDEX(工程マスタ!$I:$I,$AG98)="○",$E98>=O$3,$E98<EDATE(O$3,1)),"▼","")) | ... AE98: =IF(OR($AG98=0,AE$3=""),"",IF(AND(INDEX(工程マスタ!$I:$I,$AG98)="○",$E98>=AE$3,$E98<EDATE(AE$3,1)),"▼","")) | AG98: {=IFERROR(SMALL(IF(工程マスタ!$K$5:$K$154>0,ROW(工程マスタ!$C$5:$C$154)),93),0)} -> 0 | AH98: =IF($AG98=0,0,INDEX(工程マスタ!$M:$M,$AG98)) -> 0
A99: =IF($AG99=0,"",IF(INDEX(工程マスタ!$A:$A,$AG99)="","",INDEX(工程マスタ!$A:$A,$AG99))) | B99: =IF($AG99=0,"",IF(INDEX(工程マスタ!$B:$B,$AG99)="","",INDEX(工程マスタ!$B:$B,$AG99))) | C99: =IF($AG99=0,"",IF(INDEX(工程マスタ!$C:$C,$AG99)="","",INDEX(工程マスタ!$C:$C,$AG99))) | D99: =IF($AG99=0,"",IF(INDEX(工程マスタ!$D:$D,$AG99)="","",INDEX(工程マスタ!$D:$D,$AG99))) | E99: =IF($AG99=0,"",IF(INDEX(工程マスタ!$E:$E,$AG99)="","",INDEX(工程マスタ!$E:$E,$AG99))) | F99: =IF($AG99=0,"",IF(INDEX(工程マスタ!$F:$F,$AG99)="","",INDEX(工程マスタ!$F:$F,$AG99))) | G99: =IF($AG99=0,"",IF(INDEX(工程マスタ!$H:$H,$AG99)="","",INDEX(工程マスタ!$H:$H,$AG99))) | H99: =IF(OR($AG99=0,H$3=""),"",IF(AND(INDEX(工程マスタ!$I:$I,$AG99)="○",$E99>=H$3,$E99<EDATE(H$3,1)),"▼","")) | I99: =IF(OR($AG99=0,I$3=""),"",IF(AND(INDEX(工程マスタ!$I:$I,$AG99)="○",$E99>=I$3,$E99<EDATE(I$3,1)),"▼","")) | J99: =IF(OR($AG99=0,J$3=""),"",IF(AND(INDEX(工程マスタ!$I:$I,$AG99)="○",$E99>=J$3,$E99<EDATE(J$3,1)),"▼","")) | K99: =IF(OR($AG99=0,K$3=""),"",IF(AND(INDEX(工程マスタ!$I:$I,$AG99)="○",$E99>=K$3,$E99<EDATE(K$3,1)),"▼","")) | L99: =IF(OR($AG99=0,L$3=""),"",IF(AND(INDEX(工程マスタ!$I:$I,$AG99)="○",$E99>=L$3,$E99<EDATE(L$3,1)),"▼","")) | M99: =IF(OR($AG99=0,M$3=""),"",IF(AND(INDEX(工程マスタ!$I:$I,$AG99)="○",$E99>=M$3,$E99<EDATE(M$3,1)),"▼","")) | N99: =IF(OR($AG99=0,N$3=""),"",IF(AND(INDEX(工程マスタ!$I:$I,$AG99)="○",$E99>=N$3,$E99<EDATE(N$3,1)),"▼","")) | O99: =IF(OR($AG99=0,O$3=""),"",IF(AND(INDEX(工程マスタ!$I:$I,$AG99)="○",$E99>=O$3,$E99<EDATE(O$3,1)),"▼","")) | ... AE99: =IF(OR($AG99=0,AE$3=""),"",IF(AND(INDEX(工程マスタ!$I:$I,$AG99)="○",$E99>=AE$3,$E99<EDATE(AE$3,1)),"▼","")) | AG99: {=IFERROR(SMALL(IF(工程マスタ!$K$5:$K$154>0,ROW(工程マスタ!$C$5:$C$154)),94),0)} -> 0 | AH99: =IF($AG99=0,0,INDEX(工程マスタ!$M:$M,$AG99)) -> 0
A100: =IF($AG100=0,"",IF(INDEX(工程マスタ!$A:$A,$AG100)="","",INDEX(工程マスタ!$A:$A,$AG100))) | B100: =IF($AG100=0,"",IF(INDEX(工程マスタ!$B:$B,$AG100)="","",INDEX(工程マスタ!$B:$B,$AG100))) | C100: =IF($AG100=0,"",IF(INDEX(工程マスタ!$C:$C,$AG100)="","",INDEX(工程マスタ!$C:$C,$AG100))) | D100: =IF($AG100=0,"",IF(INDEX(工程マスタ!$D:$D,$AG100)="","",INDEX(工程マスタ!$D:$D,$AG100))) | E100: =IF($AG100=0,"",IF(INDEX(工程マスタ!$E:$E,$AG100)="","",INDEX(工程マスタ!$E:$E,$AG100))) | F100: =IF($AG100=0,"",IF(INDEX(工程マスタ!$F:$F,$AG100)="","",INDEX(工程マスタ!$F:$F,$AG100))) | G100: =IF($AG100=0,"",IF(INDEX(工程マスタ!$H:$H,$AG100)="","",INDEX(工程マスタ!$H:$H,$AG100))) | H100: =IF(OR($AG100=0,H$3=""),"",IF(AND(INDEX(工程マスタ!$I:$I,$AG100)="○",$E100>=H$3,$E100<EDATE(H$3,1)),"▼","")) | I100: =IF(OR($AG100=0,I$3=""),"",IF(AND(INDEX(工程マスタ!$I:$I,$AG100)="○",$E100>=I$3,$E100<EDATE(I$3,1)),"▼","")) | J100: =IF(OR($AG100=0,J$3=""),"",IF(AND(INDEX(工程マスタ!$I:$I,$AG100)="○",$E100>=J$3,$E100<EDATE(J$3,1)),"▼","")) | K100: =IF(OR($AG100=0,K$3=""),"",IF(AND(INDEX(工程マスタ!$I:$I,$AG100)="○",$E100>=K$3,$E100<EDATE(K$3,1)),"▼","")) | L100: =IF(OR($AG100=0,L$3=""),"",IF(AND(INDEX(工程マスタ!$I:$I,$AG100)="○",$E100>=L$3,$E100<EDATE(L$3,1)),"▼","")) | M100: =IF(OR($AG100=0,M$3=""),"",IF(AND(INDEX(工程マスタ!$I:$I,$AG100)="○",$E100>=M$3,$E100<EDATE(M$3,1)),"▼","")) | N100: =IF(OR($AG100=0,N$3=""),"",IF(AND(INDEX(工程マスタ!$I:$I,$AG100)="○",$E100>=N$3,$E100<EDATE(N$3,1)),"▼","")) | O100: =IF(OR($AG100=0,O$3=""),"",IF(AND(INDEX(工程マスタ!$I:$I,$AG100)="○",$E100>=O$3,$E100<EDATE(O$3,1)),"▼","")) | ... AE100: =IF(OR($AG100=0,AE$3=""),"",IF(AND(INDEX(工程マスタ!$I:$I,$AG100)="○",$E100>=AE$3,$E100<EDATE(AE$3,1)),"▼","")) | AG100: {=IFERROR(SMALL(IF(工程マスタ!$K$5:$K$154>0,ROW(工程マスタ!$C$5:$C$154)),95),0)} -> 0 | AH100: =IF($AG100=0,0,INDEX(工程マスタ!$M:$M,$AG100)) -> 0
...

Sheet 月間工程表
A1: =設定!$B$3&" 月間工程表（"&$B$2&"年"&$D$2&"月）" -> (仮称)○○ビル新築工事 月間工程表（2026年7月） | AN1: =DATE($B$2,$D$2,1) -> 46204
A2: 対象年 | B2: 2026 | C2: 対象月 | D2: 7 | E2: ← 黄色セルを変更すると自動で切替 | N2: 凡例: | O2: 予定 | P2: 実績 | Q2: ▼MS | R2: 本日 | AN2: =EOMONTH($AN$1,0) -> 46234
H3: =IF(1<=DAY($AN$2),$AN$1+0,"") -> 46204 | I3: =IF(2<=DAY($AN$2),$AN$1+1,"") -> 46205 | J3: =IF(3<=DAY($AN$2),$AN$1+2,"") -> 46206 | K3: =IF(4<=DAY($AN$2),$AN$1+3,"") -> 46207 | L3: =IF(5<=DAY($AN$2),$AN$1+4,"") -> 46208 | M3: =IF(6<=DAY($AN$2),$AN$1+5,"") -> 46209 | N3: =IF(7<=DAY($AN$2),$AN$1+6,"") -> 46210 | O3: =IF(8<=DAY($AN$2),$AN$1+7,"") -> 46211 | P3: =IF(9<=DAY($AN$2),$AN$1+8,"") -> 46212 | Q3: =IF(10<=DAY($AN$2),$AN$1+9,"") -> 46213 | R3: =IF(11<=DAY($AN$2),$AN$1+10,"") -> 46214 | S3: =IF(12<=DAY($AN$2),$AN$1+11,"") -> 46215 | T3: =IF(13<=DAY($AN$2),$AN$1+12,"") -> 46216 | U3: =IF(14<=DAY($AN$2),$AN$1+13,"") -> 46217 | V3: =IF(15<=DAY($AN$2),$AN$1+14,"") -> 46218 | W3: =IF(16<=DAY($AN$2),$AN$1+15,"") -> 46219 | X3: =IF(17<=DAY($AN$2),$AN$1+16,"") -> 46220 | Y3: =IF(18<=DAY($AN$2),$AN$1+17,"") -> 46221 | Z3: =IF(19<=DAY($AN$2),$AN$1+18,"") -> 46222 | AA3: =IF(20<=DAY($AN$2),$AN$1+19,"") -> 46223 | AB3: =IF(21<=DAY($AN$2),$AN$1+20,"") -> 46224 | AC3: =IF(22<=DAY($AN$2),$AN$1+21,"") -> 46225 | AD3: =IF(23<=DAY($AN$2),$AN$1+22,"") -> 46226 | AE3: =IF(24<=DAY($AN$2),$AN$1+23,"") -> 46227 | AF3: =IF(25<=DAY($AN$2),$AN$1+24,"") -> 46228 | AG3: =IF(26<=DAY($AN$2),$AN$1+25,"") -> 46229 | AH3: =IF(27<=DAY($AN$2),$AN$1+26,"") -> 46230 | AI3: =IF(28<=DAY($AN$2),$AN$1+27,"") -> 46231 | AJ3: =IF(29<=DAY($AN$2),$AN$1+28,"") -> 46232 | AK3: =IF(30<=DAY($AN$2),$AN$1+29,"") -> 46233 | AL3: =IF(31<=DAY($AN$2),$AN$1+30,"") -> 46234
H4: =IF(H$3="","",DAY(H$3)) -> 1 | I4: =IF(I$3="","",DAY(I$3)) -> 2 | J4: =IF(J$3="","",DAY(J$3)) -> 3 | K4: =IF(K$3="","",DAY(K$3)) -> 4 | L4: =IF(L$3="","",DAY(L$3)) -> 5 | M4: =IF(M$3="","",DAY(M$3)) -> 6 | N4: =IF(N$3="","",DAY(N$3)) -> 7 | O4: =IF(O$3="","",DAY(O$3)) -> 8 | ... AL4: =IF(AL$3="","",DAY(AL$3)) -> 31
A5: No | B5: 工種 | C5: 作業名 | D5: 担当業者 | E5: 開始 | F5: 終了 | G5: 進捗 | H5: =IF(H$3="","",MID("日月火水木金土",WEEKDAY(H$3),1)) -> 水 | I5: =IF(I$3="","",MID("日月火水木金土",WEEKDAY(I$3),1)) -> 木 | J5: =IF(J$3="","",MID("日月火水木金土",WEEKDAY(J$3),1)) -> 金 | K5: =IF(K$3="","",MID("日月火水木金土",WEEKDAY(K$3),1)) -> 土 | L5: =IF(L$3="","",MID("日月火水木金土",WEEKDAY(L$3),1)) -> 日 | M5: =IF(M$3="","",MID("日月火水木金土",WEEKDAY(M$3),1)) -> 月 | N5: =IF(N$3="","",MID("日月火水木金土",WEEKDAY(N$3),1)) -> 火 | O5: =IF(O$3="","",MID("日月火水木金土",WEEKDAY(O$3),1)) -> 水 | ... AL5: =IF(AL$3="","",MID("日月火水木金土",WEEKDAY(AL$3),1)) -> 金
A7: =IF($AN7=0,"",IF(INDEX(工程マスタ!$A:$A,$AN7)="","",INDEX(工程マスタ!$A:$A,$AN7))) -> 1 | B7: =IF($AN7=0,"",IF(INDEX(工程マスタ!$B:$B,$AN7)="","",INDEX(工程マスタ!$B:$B,$AN7))) -> マイルストーン | C7: =IF($AN7=0,"",IF(INDEX(工程マスタ!$C:$C,$AN7)="","",INDEX(工程マスタ!$C:$C,$AN7))) -> 着工 | D7: =IF($AN7=0,"",IF(INDEX(工程マスタ!$D:$D,$AN7)="","",INDEX(工程マスタ!$D:$D,$AN7))) | E7: =IF($AN7=0,"",IF(INDEX(工程マスタ!$E:$E,$AN7)="","",INDEX(工程マスタ!$E:$E,$AN7))) -> 46204 | F7: =IF($AN7=0,"",IF(INDEX(工程マスタ!$F:$F,$AN7)="","",INDEX(工程マスタ!$F:$F,$AN7))) -> 46204 | G7: =IF($AN7=0,"",IF(INDEX(工程マスタ!$H:$H,$AN7)="","",INDEX(工程マスタ!$H:$H,$AN7))) | H7: =IF(OR($AN7=0,H$3=""),"",IF(AND(INDEX(工程マスタ!$I:$I,$AN7)="○",$E7=H$3),"▼","")) -> ▼ | I7: =IF(OR($AN7=0,I$3=""),"",IF(AND(INDEX(工程マスタ!$I:$I,$AN7)="○",$E7=I$3),"▼","")) | J7: =IF(OR($AN7=0,J$3=""),"",IF(AND(INDEX(工程マスタ!$I:$I,$AN7)="○",$E7=J$3),"▼","")) | K7: =IF(OR($AN7=0,K$3=""),"",IF(AND(INDEX(工程マスタ!$I:$I,$AN7)="○",$E7=K$3),"▼","")) | L7: =IF(OR($AN7=0,L$3=""),"",IF(AND(INDEX(工程マスタ!$I:$I,$AN7)="○",$E7=L$3),"▼","")) | M7: =IF(OR($AN7=0,M$3=""),"",IF(AND(INDEX(工程マスタ!$I:$I,$AN7)="○",$E7=M$3),"▼","")) | N7: =IF(OR($AN7=0,N$3=""),"",IF(AND(INDEX(工程マスタ!$I:$I,$AN7)="○",$E7=N$3),"▼","")) | O7: =IF(OR($AN7=0,O$3=""),"",IF(AND(INDEX(工程マスタ!$I:$I,$AN7)="○",$E7=O$3),"▼","")) | ... AL7: =IF(OR($AN7=0,AL$3=""),"",IF(AND(INDEX(工程マスタ!$I:$I,$AN7)="○",$E7=AL$3),"▼","")) | AN7: {=IFERROR(SMALL(IF((工程マスタ!$K$5:$K$154>0)*(工程マスタ!$K$5:$K$154<=$AN$2)*(工程マスタ!$L$5:$L$154>=$AN$1),ROW(工程マスタ!$C$5:$C$154)),1),0)} -> 5 | AO7: =IF($AN7=0,0,INDEX(工程マスタ!$M:$M,$AN7)) -> 46204
A8: =IF($AN8=0,"",IF(INDEX(工程マスタ!$A:$A,$AN8)="","",INDEX(工程マスタ!$A:$A,$AN8))) -> 2 | B8: =IF($AN8=0,"",IF(INDEX(工程マスタ!$B:$B,$AN8)="","",INDEX(工程マスタ!$B:$B,$AN8))) -> マイルストーン | C8: =IF($AN8=0,"",IF(INDEX(工程マスタ!$C:$C,$AN8)="","",INDEX(工程マスタ!$C:$C,$AN8))) -> 地鎮祭・安全祈願祭 | D8: =IF($AN8=0,"",IF(INDEX(工程マスタ!$D:$D,$AN8)="","",INDEX(工程マスタ!$D:$D,$AN8))) | E8: =IF($AN8=0,"",IF(INDEX(工程マスタ!$E:$E,$AN8)="","",INDEX(工程マスタ!$E:$E,$AN8))) -> 46207 | F8: =IF($AN8=0,"",IF(INDEX(工程マスタ!$F:$F,$AN8)="","",INDEX(工程マスタ!$F:$F,$AN8))) -> 46207 | G8: =IF($AN8=0,"",IF(INDEX(工程マスタ!$H:$H,$AN8)="","",INDEX(工程マスタ!$H:$H,$AN8))) | H8: =IF(OR($AN8=0,H$3=""),"",IF(AND(INDEX(工程マスタ!$I:$I,$AN8)="○",$E8=H$3),"▼","")) | I8: =IF(OR($AN8=0,I$3=""),"",IF(AND(INDEX(工程マスタ!$I:$I,$AN8)="○",$E8=I$3),"▼","")) | J8: =IF(OR($AN8=0,J$3=""),"",IF(AND(INDEX(工程マスタ!$I:$I,$AN8)="○",$E8=J$3),"▼","")) | K8: =IF(OR($AN8=0,K$3=""),"",IF(AND(INDEX(工程マスタ!$I:$I,$AN8)="○",$E8=K$3),"▼","")) -> ▼ | L8: =IF(OR($AN8=0,L$3=""),"",IF(AND(INDEX(工程マスタ!$I:$I,$AN8)="○",$E8=L$3),"▼","")) | M8: =IF(OR($AN8=0,M$3=""),"",IF(AND(INDEX(工程マスタ!$I:$I,$AN8)="○",$E8=M$3),"▼","")) | N8: =IF(OR($AN8=0,N$3=""),"",IF(AND(INDEX(工程マスタ!$I:$I,$AN8)="○",$E8=N$3),"▼","")) | O8: =IF(OR($AN8=0,O$3=""),"",IF(AND(INDEX(工程マスタ!$I:$I,$AN8)="○",$E8=O$3),"▼","")) | ... AL8: =IF(OR($AN8=0,AL$3=""),"",IF(AND(INDEX(工程マスタ!$I:$I,$AN8)="○",$E8=AL$3),"▼","")) | AN8: {=IFERROR(SMALL(IF((工程マスタ!$K$5:$K$154>0)*(工程マスタ!$K$5:$K$154<=$AN$2)*(工程マスタ!$L$5:$L$154>=$AN$1),ROW(工程マスタ!$C$5:$C$154)),2),0)} -> 6 | AO8: =IF($AN8=0,0,INDEX(工程マスタ!$M:$M,$AN8)) -> 46207
A9: =IF($AN9=0,"",IF(INDEX(工程マスタ!$A:$A,$AN9)="","",INDEX(工程マスタ!$A:$A,$AN9))) -> 3 | B9: =IF($AN9=0,"",IF(INDEX(工程マスタ!$B:$B,$AN9)="","",INDEX(工程マスタ!$B:$B,$AN9))) -> 仮設工事 | C9: =IF($AN9=0,"",IF(INDEX(工程マスタ!$C:$C,$AN9)="","",INDEX(工程マスタ!$C:$C,$AN9))) -> 仮囲い・ゲート設置 | D9: =IF($AN9=0,"",IF(INDEX(工程マスタ!$D:$D,$AN9)="","",INDEX(工程マスタ!$D:$D,$AN9))) -> ○○仮設工業 | E9: =IF($AN9=0,"",IF(INDEX(工程マスタ!$E:$E,$AN9)="","",INDEX(工程マスタ!$E:$E,$AN9))) -> 46204 | F9: =IF($AN9=0,"",IF(INDEX(工程マスタ!$F:$F,$AN9)="","",INDEX(工程マスタ!$F:$F,$AN9))) -> 46213 | G9: =IF($AN9=0,"",IF(INDEX(工程マスタ!$H:$H,$AN9)="","",INDEX(工程マスタ!$H:$H,$AN9))) -> 1 | H9: =IF(OR($AN9=0,H$3=""),"",IF(AND(INDEX(工程マスタ!$I:$I,$AN9)="○",$E9=H$3),"▼","")) | I9: =IF(OR($AN9=0,I$3=""),"",IF(AND(INDEX(工程マスタ!$I:$I,$AN9)="○",$E9=I$3),"▼","")) | J9: =IF(OR($AN9=0,J$3=""),"",IF(AND(INDEX(工程マスタ!$I:$I,$AN9)="○",$E9=J$3),"▼","")) | K9: =IF(OR($AN9=0,K$3=""),"",IF(AND(INDEX(工程マスタ!$I:$I,$AN9)="○",$E9=K$3),"▼","")) | L9: =IF(OR($AN9=0,L$3=""),"",IF(AND(INDEX(工程マスタ!$I:$I,$AN9)="○",$E9=L$3),"▼","")) | M9: =IF(OR($AN9=0,M$3=""),"",IF(AND(INDEX(工程マスタ!$I:$I,$AN9)="○",$E9=M$3),"▼","")) | N9: =IF(OR($AN9=0,N$3=""),"",IF(AND(INDEX(工程マスタ!$I:$I,$AN9)="○",$E9=N$3),"▼","")) | O9: =IF(OR($AN9=0,O$3=""),"",IF(AND(INDEX(工程マスタ!$I:$I,$AN9)="○",$E9=O$3),"▼","")) | ... AL9: =IF(OR($AN9=0,AL$3=""),"",IF(AND(INDEX(工程マスタ!$I:$I,$AN9)="○",$E9=AL$3),"▼","")) | AN9: {=IFERROR(SMALL(IF((工程マスタ!$K$5:$K$154>0)*(工程マスタ!$K$5:$K$154<=$AN$2)*(工程マスタ!$L$5:$L$154>=$AN$1),ROW(工程マスタ!$C$5:$C$154)),3),0)} -> 7 | AO9: =IF($AN9=0,0,INDEX(工程マスタ!$M:$M,$AN9)) -> 46214
A10: =IF($AN10=0,"",IF(INDEX(工程マスタ!$A:$A,$AN10)="","",INDEX(工程マスタ!$A:$A,$AN10))) -> 4 | B10: =IF($AN10=0,"",IF(INDEX(工程マスタ!$B:$B,$AN10)="","",INDEX(工程マスタ!$B:$B,$AN10))) -> 仮設工事 | C10: =IF($AN10=0,"",IF(INDEX(工程マスタ!$C:$C,$AN10)="","",INDEX(工程マスタ!$C:$C,$AN10))) -> 現場事務所・休憩所設置 | D10: =IF($AN10=0,"",IF(INDEX(工程マスタ!$D:$D,$AN10)="","",INDEX(工程マスタ!$D:$D,$AN10))) -> ○○仮設工業 | E10: =IF($AN10=0,"",IF(INDEX(工程マスタ!$E:$E,$AN10)="","",INDEX(工程マスタ!$E:$E,$AN10))) -> 46209 | F10: =IF($AN10=0,"",IF(INDEX(工程マスタ!$F:$F,$AN10)="","",INDEX(工程マスタ!$F:$F,$AN10))) -> 46218 | G10: =IF($AN10=0,"",IF(INDEX(工程マスタ!$H:$H,$AN10)="","",INDEX(工程マスタ!$H:$H,$AN10))) -> 1 | H10: =IF(OR($AN10=0,H$3=""),"",IF(AND(INDEX(工程マスタ!$I:$I,$AN10)="○",$E10=H$3),"▼","")) | I10: =IF(OR($AN10=0,I$3=""),"",IF(AND(INDEX(工程マスタ!$I:$I,$AN10)="○",$E10=I$3),"▼","")) | J10: =IF(OR($AN10=0,J$3=""),"",IF(AND(INDEX(工程マスタ!$I:$I,$AN10)="○",$E10=J$3),"▼","")) | K10: =IF(OR($AN10=0,K$3=""),"",IF(AND(INDEX(工程マスタ!$I:$I,$AN10)="○",$E10=K$3),"▼","")) | L10: =IF(OR($AN10=0,L$3=""),"",IF(AND(INDEX(工程マスタ!$I:$I,$AN10)="○",$E10=L$3),"▼","")) | M10: =IF(OR($AN10=0,M$3=""),"",IF(AND(INDEX(工程マスタ!$I:$I,$AN10)="○",$E10=M$3),"▼","")) | N10: =IF(OR($AN10=0,N$3=""),"",IF(AND(INDEX(工程マスタ!$I:$I,$AN10)="○",$E10=N$3),"▼","")) | O10: =IF(OR($AN10=0,O$3=""),"",IF(AND(INDEX(工程マスタ!$I:$I,$AN10)="○",$E10=O$3),"▼","")) | ... AL10: =IF(OR($AN10=0,AL$3=""),"",IF(AND(INDEX(工程マスタ!$I:$I,$AN10)="○",$E10=AL$3),"▼","")) | AN10: {=IFERROR(SMALL(IF((工程マスタ!$K$5:$K$154>0)*(工程マスタ!$K$5:$K$154<=$AN$2)*(工程マスタ!$L$5:$L$154>=$AN$1),ROW(工程マスタ!$C$5:$C$154)),4),0)} -> 8 | AO10: =IF($AN10=0,0,INDEX(工程マスタ!$M:$M,$AN10)) -> 46219
A11: =IF($AN11=0,"",IF(INDEX(工程マスタ!$A:$A,$AN11)="","",INDEX(工程マスタ!$A:$A,$AN11))) -> 5 | B11: =IF($AN11=0,"",IF(INDEX(工程マスタ!$B:$B,$AN11)="","",INDEX(工程マスタ!$B:$B,$AN11))) -> 仮設工事 | C11: =IF($AN11=0,"",IF(INDEX(工程マスタ!$C:$C,$AN11)="","",INDEX(工程マスタ!$C:$C,$AN11))) -> 仮設電気・給排水引込み | D11: =IF($AN11=0,"",IF(INDEX(工程マスタ!$D:$D,$AN11)="","",INDEX(工程マスタ!$D:$D,$AN11))) -> △△電設 | E11: =IF($AN11=0,"",IF(INDEX(工程マスタ!$E:$E,$AN11)="","",INDEX(工程マスタ!$E:$E,$AN11))) -> 46216 | F11: =IF($AN11=0,"",IF(INDEX(工程マスタ!$F:$F,$AN11)="","",INDEX(工程マスタ!$F:$F,$AN11))) -> 46225 | G11: =IF($AN11=0,"",IF(INDEX(工程マスタ!$H:$H,$AN11)="","",INDEX(工程マスタ!$H:$H,$AN11))) -> 0.6 | H11: =IF(OR($AN11=0,H$3=""),"",IF(AND(INDEX(工程マスタ!$I:$I,$AN11)="○",$E11=H$3),"▼","")) | I11: =IF(OR($AN11=0,I$3=""),"",IF(AND(INDEX(工程マスタ!$I:$I,$AN11)="○",$E11=I$3),"▼","")) | J11: =IF(OR($AN11=0,J$3=""),"",IF(AND(INDEX(工程マスタ!$I:$I,$AN11)="○",$E11=J$3),"▼","")) | K11: =IF(OR($AN11=0,K$3=""),"",IF(AND(INDEX(工程マスタ!$I:$I,$AN11)="○",$E11=K$3),"▼","")) | L11: =IF(OR($AN11=0,L$3=""),"",IF(AND(INDEX(工程マスタ!$I:$I,$AN11)="○",$E11=L$3),"▼","")) | M11: =IF(OR($AN11=0,M$3=""),"",IF(AND(INDEX(工程マスタ!$I:$I,$AN11)="○",$E11=M$3),"▼","")) | N11: =IF(OR($AN11=0,N$3=""),"",IF(AND(INDEX(工程マスタ!$I:$I,$AN11)="○",$E11=N$3),"▼","")) | O11: =IF(OR($AN11=0,O$3=""),"",IF(AND(INDEX(工程マスタ!$I:$I,$AN11)="○",$E11=O$3),"▼","")) | ... AL11: =IF(OR($AN11=0,AL$3=""),"",IF(AND(INDEX(工程マスタ!$I:$I,$AN11)="○",$E11=AL$3),"▼","")) | AN11: {=IFERROR(SMALL(IF((工程マスタ!$K$5:$K$154>0)*(工程マスタ!$K$5:$K$154<=$AN$2)*(工程マスタ!$L$5:$L$154>=$AN$1),ROW(工程マスタ!$C$5:$C$154)),5),0)} -> 9 | AO11: =IF($AN11=0,0,INDEX(工程マスタ!$M:$M,$AN11)) -> 46222
A12: =IF($AN12=0,"",IF(INDEX(工程マスタ!$A:$A,$AN12)="","",INDEX(工程マスタ!$A:$A,$AN12))) -> 6 | B12: =IF($AN12=0,"",IF(INDEX(工程マスタ!$B:$B,$AN12)="","",INDEX(工程マスタ!$B:$B,$AN12))) -> 地業基礎工事 | C12: =IF($AN12=0,"",IF(INDEX(工程マスタ!$C:$C,$AN12)="","",INDEX(工程マスタ!$C:$C,$AN12))) -> 杭工事 | D12: =IF($AN12=0,"",IF(INDEX(工程マスタ!$D:$D,$AN12)="","",INDEX(工程マスタ!$D:$D,$AN12))) -> □□基礎工業 | E12: =IF($AN12=0,"",IF(INDEX(工程マスタ!$E:$E,$AN12)="","",INDEX(工程マスタ!$E:$E,$AN12))) -> 46216 | F12: =IF($AN12=0,"",IF(INDEX(工程マスタ!$F:$F,$AN12)="","",INDEX(工程マスタ!$F:$F,$AN12))) -> 46234 | G12: =IF($AN12=0,"",IF(INDEX(工程マスタ!$H:$H,$AN12)="","",INDEX(工程マスタ!$H:$H,$AN12))) -> 0.35 | H12: =IF(OR($AN12=0,H$3=""),"",IF(AND(INDEX(工程マスタ!$I:$I,$AN12)="○",$E12=H$3),"▼","")) | I12: =IF(OR($AN12=0,I$3=""),"",IF(AND(INDEX(工程マスタ!$I:$I,$AN12)="○",$E12=I$3),"▼","")) | J12: =IF(OR($AN12=0,J$3=""),"",IF(AND(INDEX(工程マスタ!$I:$I,$AN12)="○",$E12=J$3),"▼","")) | K12: =IF(OR($AN12=0,K$3=""),"",IF(AND(INDEX(工程マスタ!$I:$I,$AN12)="○",$E12=K$3),"▼","")) | L12: =IF(OR($AN12=0,L$3=""),"",IF(AND(INDEX(工程マスタ!$I:$I,$AN12)="○",$E12=L$3),"▼","")) | M12: =IF(OR($AN12=0,M$3=""),"",IF(AND(INDEX(工程マスタ!$I:$I,$AN12)="○",$E12=M$3),"▼","")) | N12: =IF(OR($AN12=0,N$3=""),"",IF(AND(INDEX(工程マスタ!$I:$I,$AN12)="○",$E12=N$3),"▼","")) | O12: =IF(OR($AN12=0,O$3=""),"",IF(AND(INDEX(工程マスタ!$I:$I,$AN12)="○",$E12=O$3),"▼","")) | ... AL12: =IF(OR($AN12=0,AL$3=""),"",IF(AND(INDEX(工程マスタ!$I:$I,$AN12)="○",$E12=AL$3),"▼","")) | AN12: {=IFERROR(SMALL(IF((工程マスタ!$K$5:$K$154>0)*(工程マスタ!$K$5:$K$154<=$AN$2)*(工程マスタ!$L$5:$L$154>=$AN$1),ROW(工程マスタ!$C$5:$C$154)),6),0)} -> 10 | AO12: =IF($AN12=0,0,INDEX(工程マスタ!$M:$M,$AN12)) -> 46222.65
A13: =IF($AN13=0,"",IF(INDEX(工程マスタ!$A:$A,$AN13)="","",INDEX(工程マスタ!$A:$A,$AN13))) -> 7 | B13: =IF($AN13=0,"",IF(INDEX(工程マスタ!$B:$B,$AN13)="","",INDEX(工程マスタ!$B:$B,$AN13))) -> 土工事・山留 | C13: =IF($AN13=0,"",IF(INDEX(工程マスタ!$C:$C,$AN13)="","",INDEX(工程マスタ!$C:$C,$AN13))) -> 山留工事 | D13: =IF($AN13=0,"",IF(INDEX(工程マスタ!$D:$D,$AN13)="","",INDEX(工程マスタ!$D:$D,$AN13))) -> ▲▲土木 | E13: =IF($AN13=0,"",IF(INDEX(工程マスタ!$E:$E,$AN13)="","",INDEX(工程マスタ!$E:$E,$AN13))) -> 46230 | F13: =IF($AN13=0,"",IF(INDEX(工程マスタ!$F:$F,$AN13)="","",INDEX(工程マスタ!$F:$F,$AN13))) -> 46242 | G13: =IF($AN13=0,"",IF(INDEX(工程マスタ!$H:$H,$AN13)="","",INDEX(工程マスタ!$H:$H,$AN13))) -> 0 | H13: =IF(OR($AN13=0,H$3=""),"",IF(AND(INDEX(工程マスタ!$I:$I,$AN13)="○",$E13=H$3),"▼","")) | I13: =IF(OR($AN13=0,I$3=""),"",IF(AND(INDEX(工程マスタ!$I:$I,$AN13)="○",$E13=I$3),"▼","")) | J13: =IF(OR($AN13=0,J$3=""),"",IF(AND(INDEX(工程マスタ!$I:$I,$AN13)="○",$E13=J$3),"▼","")) | K13: =IF(OR($AN13=0,K$3=""),"",IF(AND(INDEX(工程マスタ!$I:$I,$AN13)="○",$E13=K$3),"▼","")) | L13: =IF(OR($AN13=0,L$3=""),"",IF(AND(INDEX(工程マスタ!$I:$I,$AN13)="○",$E13=L$3),"▼","")) | M13: =IF(OR($AN13=0,M$3=""),"",IF(AND(INDEX(工程マスタ!$I:$I,$AN13)="○",$E13=M$3),"▼","")) | N13: =IF(OR($AN13=0,N$3=""),"",IF(AND(INDEX(工程マスタ!$I:$I,$AN13)="○",$E13=N$3),"▼","")) | O13: =IF(OR($AN13=0,O$3=""),"",IF(AND(INDEX(工程マスタ!$I:$I,$AN13)="○",$E13=O$3),"▼","")) | ... AL13: =IF(OR($AN13=0,AL$3=""),"",IF(AND(INDEX(工程マスタ!$I:$I,$AN13)="○",$E13=AL$3),"▼","")) | AN13: {=IFERROR(SMALL(IF((工程マスタ!$K$5:$K$154>0)*(工程マスタ!$K$5:$K$154<=$AN$2)*(工程マスタ!$L$5:$L$154>=$AN$1),ROW(工程マスタ!$C$5:$C$154)),7),0)} -> 11 | AO13: =IF($AN13=0,0,INDEX(工程マスタ!$M:$M,$AN13)) -> 46230
A14: =IF($AN14=0,"",IF(INDEX(工程マスタ!$A:$A,$AN14)="","",INDEX(工程マスタ!$A:$A,$AN14))) | B14: =IF($AN14=0,"",IF(INDEX(工程マスタ!$B:$B,$AN14)="","",INDEX(工程マスタ!$B:$B,$AN14))) | C14: =IF($AN14=0,"",IF(INDEX(工程マスタ!$C:$C,$AN14)="","",INDEX(工程マスタ!$C:$C,$AN14))) | D14: =IF($AN14=0,"",IF(INDEX(工程マスタ!$D:$D,$AN14)="","",INDEX(工程マスタ!$D:$D,$AN14))) | E14: =IF($AN14=0,"",IF(INDEX(工程マスタ!$E:$E,$AN14)="","",INDEX(工程マスタ!$E:$E,$AN14))) | F14: =IF($AN14=0,"",IF(INDEX(工程マスタ!$F:$F,$AN14)="","",INDEX(工程マスタ!$F:$F,$AN14))) | G14: =IF($AN14=0,"",IF(INDEX(工程マスタ!$H:$H,$AN14)="","",INDEX(工程マスタ!$H:$H,$AN14))) | H14: =IF(OR($AN14=0,H$3=""),"",IF(AND(INDEX(工程マスタ!$I:$I,$AN14)="○",$E14=H$3),"▼","")) | I14: =IF(OR($AN14=0,I$3=""),"",IF(AND(INDEX(工程マスタ!$I:$I,$AN14)="○",$E14=I$3),"▼","")) | J14: =IF(OR($AN14=0,J$3=""),"",IF(AND(INDEX(工程マスタ!$I:$I,$AN14)="○",$E14=J$3),"▼","")) | K14: =IF(OR($AN14=0,K$3=""),"",IF(AND(INDEX(工程マスタ!$I:$I,$AN14)="○",$E14=K$3),"▼","")) | L14: =IF(OR($AN14=0,L$3=""),"",IF(AND(INDEX(工程マスタ!$I:$I,$AN14)="○",$E14=L$3),"▼","")) | M14: =IF(OR($AN14=0,M$3=""),"",IF(AND(INDEX(工程マスタ!$I:$I,$AN14)="○",$E14=M$3),"▼","")) | N14: =IF(OR($AN14=0,N$3=""),"",IF(AND(INDEX(工程マスタ!$I:$I,$AN14)="○",$E14=N$3),"▼","")) | O14: =IF(OR($AN14=0,O$3=""),"",IF(AND(INDEX(工程マスタ!$I:$I,$AN14)="○",$E14=O$3),"▼","")) | ... AL14: =IF(OR($AN14=0,AL$3=""),"",IF(AND(INDEX(工程マスタ!$I:$I,$AN14)="○",$E14=AL$3),"▼","")) | AN14: {=IFERROR(SMALL(IF((工程マスタ!$K$5:$K$154>0)*(工程マスタ!$K$5:$K$154<=$AN$2)*(工程マスタ!$L$5:$L$154>=$AN$1),ROW(工程マスタ!$C$5:$C$154)),8),0)} -> 0 | AO14: =IF($AN14=0,0,INDEX(工程マスタ!$M:$M,$AN14)) -> 0
